name,ID,Smiles,Doses max,BCRP,MRP2,MRP3,MRP4,BSEP,OATP1B1,OATP1B3,PGP,Activity
Aminocaproic acid,CHEMBL1046,NCCCCCC(=O)O,30000.0,2.174,21.21,33.13,7.804,16.96,1.952,5.108,1.21,0
Gabapentin,CHEMBL940,NCC1(CC(=O)O)CCCCC1,3600.0,0.2101,3.676,5.689,1.357,2.939,0.3384,0.8833,0.2098,1
17-alpha-Estradiol,CHEMBL286452,C#C[C@]1(O)CCC2C3CCc4c(ccc(O)c4)C3CCC21C,25.0,0.3137,4.04,3.251,1.988,2.159,1.01,0.6927,0.1662,1
Thiabendazole,CHEMBL625,c1cc2c(cc1)[nH]c(-c1cscn1)n2,3000.0,0.07735,0.5211,0.6401,0.2273,0.4215,0.2099,0.1167,0.02765,1
Celecoxib,CHEMBL118,Cc1ccc(-c2cc(C(F)(F)F)nn2-c2ccc(S(N)(=O)=O)cc2)cc1,400.0,0.4074,5.007,4.093,3.104,3.053,0.606,1.024,0.07383,1
Chlorpromazine,CHEMBL71,CN(C)CCCN1c2c(cccc2)Sc2c1cc(Cl)cc2,2000.0,6.551,20.83,19.04,9.731,16.47,11.85,4.403,1.043,1
Digitoxin,CHEMBL254219,C[C@H]1O[C@@H](O[C@H]2[C@@H](O)C[C@H](O[C@H]3[C@@H](O)C[C@H](O[C@H]4CC[C@]5(C)[C@H]6CC[C@]7(C)[C@@H](C8=CC(=O)OC8)CC[C@]7(O)[C@@H]6CC[C@@H]5C4)O[C@@H]3C)O[C@@H]2C)C[C@H](O)[C@@H]1O,15.0,0.3147,0.7753,1.083,0.823,0.5367,0.134,0.1703,0.04131,0
Pseudoephedrine HCl,CHEMBL279157,CNC(C)C(O)c1ccccc1,240.0,1.596,20.64,28.56,13.94,14.94,6.427,4.406,1.057,0
Eprosartan,CHEMBL813,CCCCc1ncc(/C=C(\Cc2cccs2)C(=O)O)n1Cc1ccc(C(=O)O)cc1,600.0,0.3757,1.416,0.2042,0.3702,0.4392,0.1135,0.2102,0.04982,0
Meclizine,CHEMBL1623,Cc1cccc(CN2CCN(C(c3ccccc3)c3ccc(Cl)cc3)CC2)c1,50.0,0.3897,0.8086,1.505,0.4406,0.6745,0.4312,0.1866,0.03677,0
Midodrine ,CHEMBL1201212,COc1ccc(OC)c(C(O)CNC(=O)CN)c1,10.0,2.199,11.0,24.53,9.328,11.24,1.068,4.069,0.9761,0
Miglitol,CHEMBL1527329,OCCN1CC(O)C(O)C(O)C1CO,300.0,18.75,39.9,92.88,26.92,46.42,9.12,9.916,2.384,0
Nisoldipine,CHEMBL1726,COC(=O)C1=C(C)NC(C)=C(C(=O)OCC(C)C)C1c1ccccc1[N+](=O)[O-],60.0,0.1982,0.6344,0.633,0.3019,0.4137,0.2222,0.1223,0.02927,0
Oxybutynin,CHEMBL1231,CCN(CC)CC#CCOC(=O)C(O)(c1ccccc1)C1CCCCC1,30.0,0.07843,0.2251,0.1888,0.2583,0.1435,0.0923,0.04599,0.01105,0
Phenoxybenzamine,CHEMBL753,CC(COc1ccccc1)N(CCCl)Cc1ccccc1,10.0,1.268,2.756,4.249,2.855,2.022,1.626,0.6069,0.1431,0
Protriptyline,CHEMBL668,CNCCCC1c2c(C=Cc3c1cccc3)cccc2,10.0,0.18,2.658,3.134,1.315,1.764,0.9559,0.5271,0.1259,0
Sotalol,CHEMBL471,CC(C)NCC(O)c1ccc(NS(C)(=O)=O)cc1,320.0,1.445,13.04,12.57,7.004,8.494,1.077,2.497,0.6009,0
Zanamivir,CHEMBL222813,CC(=O)NC1C(N=C(N)N)C=C(C(=O)O)OC1C(O)C(O)CO,10.0,2.52,8.424,7.172,2.682,5.462,0.2734,1.591,0.3864,0
Glibenclamide (Glyburide),CHEMBL472,COc1c(C(=O)NCCc2ccc(S(=O)(=O)NC(=O)NC3CCCCC3)cc2)cc(Cl)cc1,15.0,0.08212,1.43,1.258,0.7703,0.4702,0.3281,0.4081,0.09691,1
Fluorescein,CHEMBL1057,O=C1OC2(c3c(cc(O)cc3)Oc3c2ccc(O)c3)c2c1cccc2,250.0,0.1614,0.4674,0.5025,0.2944,0.4332,0.1738,0.1186,0.02407,0
Emtricitabine,CHEMBL161381,Nc1nc(=O)n(C2CSC(CO)O2)cc1F,200.0,21.33,65.51,83.73,41.74,53.77,22.94,14.68,3.526,0
Fenoldopam,CHEMBL588,Oc1ccc(C2CNCCc3c(Cl)c(O)c(O)cc32)cc1,10.0,1.353,10.88,15.76,4.086,7.492,2.988,2.049,0.4913,0
Diatrizoic acid,CHEMBL1201220,CC(=O)Nc1c(I)c(C(=O)O)c(I)c(NC(C)=O)c1I,600.0,0.5815,2.198,1.929,0.5807,1.656,0.1266,0.4914,0.1171,0
Darunavir,CHEMBL1323,CC(C)CN(CC(O)C(Cc1ccccc1)NC(=O)OC1CO[C@H]2OCC[C@@H]12)S(=O)(=O)c1ccc(N)cc1,867.0,1.808,2.339,2.91,3.5,3.181,0.3348,0.9994,0.2448,1
Pirbuterol ,CHEMBL1094966,CC(C)(C)NCC(O)c1ccc(O)c(CO)n1,0.2,7.423,55.2,61.36,37.1,27.71,17.56,11.96,2.888,0
Foscarnet,CHEMBL666,O=C(O)P(=O)(O)O,120.0,0.3411,2.876,3.92,0.7007,2.219,0.3316,0.6117,0.1455,0
Meclofenamic acid,CHEMBL509,Cc1ccc(Cl)c(Nc2ccccc2C(=O)O)c1Cl,100.0,0.1143,0.7397,1.26,0.3652,0.9505,0.1657,0.2643,0.06234,0
Octreotide ,CHEMBL1680,C[C@H](O)[C@H](CO)NC(=O)[C@@H]1CSSC[C@@H](NC(=O)[C@@H](N)Cc2ccccc2)C(=O)N[C@@H](Cc2ccccc2)C(=O)N[C@@H](Cc2c[nH]c3c2cccc3)C(=O)N[C@H](CCCCN)C(=O)N[C@H]([C@H](C)O)C(=O)N1,1000.0,0.4261,14.99,13.17,7.901,3.165,0.4949,2.602,0.6284,1
Sitaxentan,CHEMBL282724,Cc1cc2c(cc1CC(=O)c1c(S(=O)(=O)Nc3c(Cl)c(C)no3)ccs1)OCO2,100.0,0.327,3.706,4.221,2.8,3.596,0.6826,0.9899,0.2163,1
Fexofenadine,CHEMBL914,CC(C)(C(=O)O)c1ccc(C(O)CCCN2CCC(C(O)(c3ccccc3)c3ccccc3)CC2)cc1,120.0,0.3806,0.8952,0.7003,0.2417,0.5575,0.08041,0.1602,0.03806,0
Aceprometazine,CHEMBL2104054,CC(=O)c1cc2c(cc1)Sc1c(cccc1)N2CC(C)N(C)C,25.0,1.261,4.296,3.11,2.936,2.742,2.205,0.8158,0.194,1
Melatonin,CHEMBL45,COc1cc2c(cc1)[nH]cc2CCNC(C)=O,5.0,0.1163,3.9,4.775,2.925,3.012,0.2387,0.9012,0.213,0
Bisacodyl,CHEMBL942,CC(=O)Oc1ccc(C(c2ccc(OC(C)=O)cc2)c2ncccc2)cc1,10.0,0.3822,3.187,3.809,2.845,1.857,1.714,0.8146,0.1936,0
Bromocriptine,CHEMBL493,CC(C)CC1C(=O)N2CCCC2[C@@]2(O)O[C@@](NC(=O)C3C=C4c5cccc6c5c(c(Br)[nH]6)CC4N(C)C3)(C(C)C)C(=O)N12,10.0,1.264,33.41,27.91,33.56,9.96,1.96,7.962,1.7,0
Clonazepam,CHEMBL452,O=C1CN=C(c2ccccc2Cl)c2c(ccc([N+](=O)[O-])c2)N1,25.0,0.7736,18.36,14.26,8.407,13.49,1.012,3.697,0.8845,0
Dicycloverine,CHEMBL1123,CCN(CC)CCOC(=O)C1(C2CCCCC2)CCCCC1,30.0,0.281,0.683,0.9298,0.9956,0.5075,0.3808,0.1623,0.03907,0
Doxylamine,CHEMBL1004,CN(C)CCOC(C)(c1ccccc1)c1ncccc1,30.0,1.965,10.67,7.918,8.599,4.818,4.896,2.1,0.5023,0
Flurazepam,CHEMBL968,CCN(CC)CCN1C(=O)CN=C(c2ccccc2F)c2c1ccc(Cl)c2,30.0,2.059,5.748,4.674,5.333,4.016,2.673,1.154,0.2742,0
Methazolamide,CHEMBL288100,CC(=O)/N=c1\sc(S(N)(=O)=O)nn1C,50.0,3.908,31.33,36.03,25.8,24.52,4.304,7.229,1.734,0
Methylergometrine,CHEMBL1597692,CCC(CO)NC(=O)C1C=C2c3c4c(c[nH]c4ccc3)CC2N(C)C1,125.0,1.066,30.89,21.31,20.27,14.31,1.051,4.571,1.101,0
Methohexital sodium,CHEMBL7413,C=CCC1(C(C)C#CCC)C(=O)NC(=O)N(C)C1=O,500.0,5.734,27.75,31.55,32.58,20.43,1.747,6.47,1.573,0
Metyrapone,CHEMBL934,CC(C)(C(=O)c1cccnc1)c1cccnc1,250.0,8.946,48.84,44.96,34.79,34.88,18.73,10.31,2.467,0
Perphenazine,CHEMBL567,OCCN1CCN(CCCN2c3c(cccc3)Sc3c2cc(Cl)cc3)CC1,16.0,1.166,3.655,3.631,1.326,2.89,1.666,0.7687,0.183,1
Phendimetrazine,CHEMBL1744,C[C@H]1[C@@H](c2ccccc2)OCCN1C,105.0,7.822,23.46,22.8,21.06,14.7,10.14,4.354,1.04,0
Tiludronic acid,CHEMBL1350,O=P(O)(O)C(Sc1ccc(Cl)cc1)P(=O)(O)O,200.0,0.06375,0.7691,1.127,0.4462,0.5937,0.1127,0.164,0.03893,0
Methyltestosterone,CHEMBL1721816,C[C@]1(O)CCC2C3CCC4=CC(=O)CC[C@]4(C)C3CC[C@@]21C,25.0,0.2232,1.472,1.817,1.737,1.22,0.5244,0.3909,0.09394,1
Tamoxifen Citrate,CHEMBL83,CC/C(=C(\c1ccccc1)c1ccc(OCCN(C)C)cc1)c1ccccc1,40.0,0.01262,0.03038,0.03314,0.03176,0.01954,0.0171,0.006359,0.001504,1
Oxytetracycline,CHEMBL1517,CN(C)C1C(O)=C(C(N)=O)C(=O)[C@@]2(O)C(O)=C3C(=O)c4c(cccc4O)[C@@](C)(O)C3C(O)C12,150.0,5.302,9.093,12.22,13.71,8.92,0.4821,2.591,0.631,0
Bexarotene,CHEMBL1023,C=C(c1ccc(C(=O)O)cc1)c1cc2c(cc1C)C(C)(C)CCC2(C)C,75.0,0.355,3.094,2.036,0.9389,1.709,0.2998,0.5563,0.1094,0
Triamcinolone,CHEMBL1451,C[C@]12CC(O)[C@@]3(F)C(CCC4=CC(=O)C=C[C@@]43C)C1CC(O)[C@]2(O)C(=O)CO,200.0,3.319,20.6,32.42,27.32,12.82,4.503,5.504,1.332,0
Imipramine,CHEMBL11,CN(C)CCCN1c2c(cccc2)CCc2c1cccc2,150.0,4.16,15.39,14.92,7.512,9.283,6.68,2.479,0.5876,1
Trifluoperazine,CHEMBL422,CN1CCN(CCCN2c3c(cccc3)Sc3c2cc(C(F)(F)F)cc3)CC1,23.0,0.2766,0.9543,0.6549,0.3944,0.6399,0.4604,0.171,0.04051,1
Medetomidine,CHEMBL77921,Cc1c(C)c(C(C)c2cnc[nH]2)ccc1,1.0,0.38,3.791,4.728,3.387,2.971,1.596,0.8834,0.2102,0
Cefprozil,CHEMBL276568,C/C=C/C1=C(C(=O)O)N2C(=O)[C@@H](NC(=O)[C@H](N)c3ccc(O)cc3)[C@H]2SC1,500.0,9.28,26.98,14.83,6.591,15.59,1.002,4.544,1.103,0
Voriconazole,CHEMBL638,C[C@@H](c1ncncc1F)[C@](O)(Cn1cncn1)c1ccc(F)cc1F,200.0,3.704,16.64,12.44,16.02,7.451,3.344,4.119,0.9894,1
Tirofiban,CHEMBL916,CCCCS(=O)(=O)NC(Cc1ccc(OCCCCC2CCNCC2)cc1)C(=O)O,12.0,1.986,23.48,14.26,6.443,9.262,2.08,3.828,0.9046,0
Betaine,CHEMBL1182,C[N+](C)(C)CC(=O)[O-],6000.0,7.887,63.96,101.7,33.53,49.49,22.62,13.62,0.7971,0
Hydrochlorothiazide,CHEMBL435,NS(=O)(=O)c1cc2c(cc1Cl)NCNS2(=O)=O,100.0,0.4368,2.45,3.199,1.931,2.521,0.4324,0.8427,0.1674,1
Mitomycin,CHEMBL105,CO[C@@]12[C@H](COC(N)=O)C3=C(C(=O)C(C)=C(N)C3=O)N1C[C@@H]1N[C@@H]12,40.0,21.58,35.82,49.19,27.78,26.34,5.938,7.725,1.863,0
Chlormethine,CHEMBL427,CN(CCCl)CCCl,10.0,12.31,32.52,57.18,19.74,25.36,16.21,6.968,1.663,0
Streptozotocin,CHEMBL163484,CN(N=O)C(=O)NC1C(O)OC(CO)C(O)C1O,100.0,18.65,45.52,41.15,36.7,15.65,1.34,7.719,1.895,0
Betaxolol,CHEMBL423,CC(C)NCC(O)COc1ccc(CCOCC2CC2)cc1,20.0,1.827,9.586,10.35,9.55,7.212,2.077,2.056,0.4924,0
Buprenorphine,CHEMBL511142,CO[C@]12CC[C@@]3(CC1[C@](C)(O)C(C)(C)C)C1Cc4ccc(O)c5c4[C@@]3(CCN1CC1CC1)C2O5,24.0,2.203,4.926,4.223,4.427,3.953,2.357,1.135,0.2699,0
Cefazolin,CHEMBL172840,Cc1nnc(SCC2=C(C(=O)O)N3C(=O)C(NC(=O)Cn4cnnn4)C3SC2)s1,500.0,1.444,4.225,2.941,1.147,2.056,0.1739,0.6139,0.1479,1
Clavulanic Acid,CHEMBL777,O=C(O)C1/C(=C/CO)OC2CC(=O)N21,1000.0,9.186,23.77,42.9,9.457,27.71,3.482,8.23,1.978,1
Doxapram hydrochloride,CHEMBL1754,CCN1CC(CCN2CCOCC2)C(c2ccccc2)(c2ccccc2)C1=O,20.0,2.832,8.134,7.502,11.55,6.884,4.582,1.959,0.47,0
Flumazenil,CHEMBL407,CCOC(=O)c1c2CN(C)C(=O)c3c(ccc(F)c3)-n2cn1,1.0,10.57,29.27,21.67,26.08,18.78,9.893,6.087,1.457,0
Fluphenazine,CHEMBL726,OCCN1CCN(CCCN2c3c(cccc3)Sc3c2cc(C(F)(F)F)cc3)CC1,40.0,0.668,2.16,1.54,0.8614,1.448,0.8348,0.3849,0.09169,0
Metformin,CHEMBL1431,CN(C)C(=N)NC(=N)N,1000.0,2.209,17.73,31.18,10.47,14.1,5.621,3.845,0.9244,1
Pentostatin ,CHEMBL1580,OCC1OC(n2cnc3c2N=CNCC3O)CC1O,500.0,10.63,47.68,44.69,24.0,26.09,6.622,8.46,2.042,0
Procyclidine,CHEMBL86715,OC(CCN1CCCC1)(c1ccccc1)C1CCCCC1,30.0,1.371,3.673,3.959,3.378,2.906,1.436,0.769,0.184,0
Promazine,CHEMBL564,CN(C)CCCN1c2c(cccc2)Sc2c1cccc2,25.0,1.832,5.763,4.988,3.04,4.07,2.929,1.084,0.2576,0
Rimantadine,CHEMBL959,CC(N)C12CC3CC(CC(C3)C1)C2,100.0,0.932,3.507,7.662,5.067,4.133,2.415,1.323,0.3182,0
Rizatriptan,CHEMBL905,CN(C)CCc1c[nH]c2ccc(Cn3cncn3)cc12,10.0,0.856,27.61,25.48,9.521,9.22,5.421,4.808,1.135,0
Terbinafine,CHEMBL822,CN(C/C=C/C#CC(C)(C)C)Cc1c2ccccc2ccc1,250.0,0.3475,1.153,1.345,0.8896,0.7425,0.5119,0.2208,0.05252,1
Torasemide,CHEMBL1148,Cc1cccc(Nc2ccncc2S(=O)(=O)NC(=O)NC(C)C)c1,200.0,0.006935,0.03117,0.04284,0.03132,0.0353,0.006888,0.01337,0.003207,0
Trandolapril,CHEMBL24223,CCOC(=O)C(CCc1ccccc1)NC(C)C(=O)N1C(C(=O)O)CC2CCCCC21,4.0,14.92,67.6,37.29,11.83,29.41,5.158,9.533,2.264,0
Nifedipine ,CHEMBL193,COC(=O)C1=C(C)NC(C)=C(C(=O)OC)C1c1ccccc1[N+](=O)[O-],100.0,1.163,8.131,6.937,3.401,5.218,2.802,1.548,0.3691,1
Carnitine,CHEMBL172513,C[N+](C)(C)CC(O)CC(=O)[O-],330.0,4.65,31.59,55.24,18.82,28.33,5.109,7.739,0.4563,0
Fenofibrate,CHEMBL672,CC(C)OC(=O)C(C)(C)Oc1ccc(C(=O)c2ccc(Cl)cc2)cc1,200.0,7.034,48.64,59.95,43.93,30.06,20.55,10.94,2.589,1
Olmesartan,CHEMBL1516,CCCc1nc(C(C)(C)O)c(C(=O)O)n1Cc1ccc(-c2ccccc2-c2nnn[nH]2)cc1,40.0,0.02063,0.1454,0.0226,0.04446,0.05577,0.01044,0.02674,0.006347,0
Iodixanol ,CHEMBL1200507,CC(=O)N(CC(O)CN(C(C)=O)c1c(I)c(C(=O)NCC(O)CO)c(I)c(C(=O)NCC(O)CO)c1I)c1c(I)c(C(=O)NCC(O)CO)c(I)c(C(=O)NCC(O)CO)c1I,250.0,43.41,380.9,348.5,407.4,277.6,27.31,88.16,21.37,0
Eplerenone,CHEMBL1095097,COC(=O)C1CC2=CC(=O)CC[C@]2(C)[C@@]23OC2C[C@@]2(C)C(CC[C@@]24CCC(=O)O4)C13,50.0,12.83,50.22,41.01,50.29,35.38,18.53,11.32,2.723,0
Darifenacin,CHEMBL1346,NC(=O)C(c1ccccc1)(c1ccccc1)C1CCN(CCc2ccc3OCCc3c2)C1,17.0,0.2611,0.9647,1.562,1.102,0.9906,0.147,0.2561,0.05019,0
Guanadrel,CHEMBL1037,N=C(N)NC[C@H]1COC2(CCCCC2)O1,75.0,9.673,28.91,33.13,15.93,17.98,7.484,5.329,1.283,0
Tigecycline,CHEMBL376140,CN(C)c1cc(NC(=O)CNC(C)(C)C)c(O)c2c1CC1CC3C(N(C)C)C(O)=C(C(N)=O)C(=O)[C@@]3(O)C(O)=C1C2=O,50.0,2.466,2.612,4.06,3.16,2.126,0.185,0.8554,0.2072,1
Ibutilide ,CHEMBL533,CCCCCCCN(CC)CCCC(O)c1ccc(NS(C)(=O)=O)cc1,0.1,1.168,2.851,1.864,2.077,1.783,0.2802,0.5073,0.1218,0
Alvocidib (Flavopirirdol),CHEMBL8817,CN1CC[C@@H](c2c(O)cc(O)c3c2oc(-c2ccccc2Cl)cc3=O)[C@@H](O)C1,30.0,9.951,17.39,19.39,10.08,14.0,4.273,4.152,0.5819,0
Thiothixene,CHEMBL1201,CN1CCN(CC/C=C2/c3c(cccc3)Sc3c2cc(S(=O)(=O)N(C)C)cc3)CC1,20.0,0.8991,2.72,2.601,2.413,2.623,2.036,0.7513,0.1489,0
Telbivudine,CHEMBL6497,Cc1cn(C2CC(O)C(CO)O2)c(=O)[nH]c1=O,600.0,7.619,44.44,35.97,22.05,25.61,5.927,7.585,1.828,0
Dexamethasone,CHEMBL384467,CC1CC2C3CCC4=CC(=O)C=C[C@]4(C)[C@@]3(F)C(O)C[C@]2(C)[C@@]1(O)C(=O)CO,20.0,1.43,7.706,13.54,12.34,5.701,2.002,2.44,0.5923,0
Finasteride,CHEMBL710,CC(C)(C)NC(=O)C1CCC2C3CCC4NC(=O)C=C[C@]4(C)C3CC[C@]12C,5.0,0.436,2.213,2.125,2.778,1.554,0.1329,0.492,0.1196,0
Fluconazole ,CHEMBL106,OC(Cn1cncn1)(Cn1cncn1)c1ccc(F)cc1F,200.0,1.919,15.36,13.71,9.709,6.978,2.904,3.583,0.859,1
Nalidixic Acid,CHEMBL5,CCn1cc(C(=O)O)c(=O)c2ccc(C)nc21,500.0,1.481,12.99,6.807,8.74,5.138,1.22,2.254,0.5356,1
Progesterone ,CHEMBL103,CC(=O)[C@H]1CC[C@H]2[C@@H]3CCC4=CC(=O)CC[C@]4(C)[C@H]3CC[C@]12C,400.0,0.5313,2.896,3.431,3.556,2.401,1.288,0.7711,0.1848,1
Cefaclor ,CHEMBL1474918,NC(C(=O)NC1C(=O)N2C(C(=O)O)=C(Cl)CSC12)c1ccccc1,750.0,18.1,75.17,43.8,16.01,38.93,3.002,10.63,2.553,1
Cysteamine,CHEMBL602,NCCS,300.0,0.7465,8.472,16.77,4.663,7.075,2.821,1.925,0.464,0
Dobutamine ,CHEMBL926,CC(CCc1ccc(O)cc1)NCCc1ccc(O)c(O)c1,5.0,8.574,98.01,107.3,38.69,55.07,25.78,17.65,4.239,0
Flavoxate,CHEMBL1493,Cc1c(-c2ccccc2)oc2c(cccc2C(=O)OCCN2CCCCC2)c1=O,200.0,3.099,12.72,10.39,4.968,7.937,4.425,2.368,0.4769,0
Itraconazole,CHEMBL22587,CCC(C)n1ncn(-c2ccc(N3CCN(c4ccc(OCC5CO[C@](Cn6cncn6)(c6ccc(Cl)cc6Cl)O5)cc4)CC3)cc2)c1=O,400.0,0.3623,1.315,0.6095,1.323,0.2849,0.314,0.2973,0.07034,1
Metaxalone,CHEMBL1079604,Cc1cc(OC[C@H]2CNC(=O)O2)cc(C)c1,800.0,14.44,50.34,44.48,25.62,31.68,5.204,8.725,1.727,0
Nadolol,CHEMBL521606,CC(C)(C)NCC(O)COc1c2CC(O)C(O)Cc2ccc1,160.0,0.224,3.419,9.139,4.376,4.247,1.14,1.213,0.2893,0
Orphenadrine,CHEMBL900,Cc1ccccc1C(OCCN(C)C)c1ccccc1,200.0,0.2687,0.7743,1.091,0.4888,0.5449,0.3483,0.1499,0.03574,0
Penicillin V,CHEMBL1711169,CC1(C)SC2C(NC(=O)COc3ccccc3)C(=O)N2C1C(=O)O,3000.0,24.48,61.21,43.9,17.28,39.46,3.311,11.66,2.791,0
Eserine,CHEMBL306319,CNC(=O)Oc1cc2c(cc1)N(C)C1N(C)CC[C@@]21C,1.0,9.797,13.34,9.534,10.75,9.308,2.044,2.675,0.6355,0
Repaglinide,CHEMBL356866,CCOc1cc(CC(=O)NC(CC(C)C)c2ccccc2N2CCCCC2)ccc1C(=O)O,4.0,1.385,6.47,2.079,2.978,2.065,0.2715,0.8521,0.2017,1
Terazosin,CHEMBL611,COc1cc2nc(N3CCN(C(=O)C4CCCO4)CC3)nc(N)c2cc1OC,10.0,1.246,5.034,3.094,2.727,2.217,2.045,0.8448,0.1572,0
Tolazoline,CHEMBL770,c1ccc(CC2=NCCN2)cc1,25.0,2.432,17.12,22.22,9.506,12.92,6.431,3.556,0.8472,0
Tolterodine,CHEMBL319757,Cc1ccc(O)c(C(CCN(C(C)C)C(C)C)c2ccccc2)c1,4.0,0.736,1.881,1.977,1.652,1.272,0.6781,0.3634,0.07221,0
Trimethoprim,CHEMBL22,COc1c(OC)c(OC)cc(Cc2cnc(N)nc2N)c1,800.0,1.56,19.67,37.9,17.19,19.92,15.31,7.287,1.586,1
Trimetrexate,CHEMBL119,COc1c(OC)c(OC)cc(NCc2ccc3nc(N)nc(N)c3c2C)c1,200.0,0.2716,3.497,9.841,2.716,4.229,3.251,1.557,0.3368,0
Etacrynic Acid,CHEMBL456,C=C(CC)C(=O)c1ccc(OCC(=O)O)c(Cl)c1Cl,50.0,0.6372,1.112,6.259,1.139,2.171,0.4441,0.7089,0.1671,0
Amoxicillin,CHEMBL1082,CC1(C)SC2C(NC(=O)C(N)c3ccc(O)cc3)C(=O)N2C1C(=O)O,1500.0,16.19,45.87,24.26,9.328,26.24,1.594,7.658,1.857,1
Pioglitazone,CHEMBL595,CCc1cnc(CCOc2ccc(CC3SC(=O)NC3=O)cc2)cc1,45.0,0.3797,1.026,0.6845,0.9677,0.02401,0.04837,0.1864,0.04466,1
Gemcitabine,CHEMBL888,Nc1nc(=O)n([C@@H]2O[C@H](CO)[C@@H](O)C2(F)F)cc1,1400.0,12.03,94.13,71.5,49.89,55.3,11.76,15.07,3.627,1
Dexrazoxane ,CHEMBL444186,CC(CN1CC(=O)NC(=O)C1)N1CC(=O)NC(=O)C1,500.0,18.76,31.04,53.04,32.03,25.18,2.481,7.409,1.781,0
Rasagiline,CHEMBL887,C#CCNC1CCc2c1cccc2,1.0,0.4031,7.913,8.679,3.321,4.724,2.559,1.414,0.3372,0
Topotecan,CHEMBL84,CC[C@@]1(O)C(=O)OCc2c1cc1-c3c(cc4c(CN(C)C)c(O)ccc4n3)Cn1c2=O,25.0,23.33,95.82,34.55,21.95,56.35,36.24,18.0,4.337,0
Acamprosate,CHEMBL1201293,CC(=O)NCCCS(=O)(=O)O,333.0,4.246,18.08,14.87,6.147,11.68,0.9993,3.751,0.8994,0
Riluzole,CHEMBL744,Nc1nc2ccc(OC(F)(F)F)cc2s1,50.0,0.06699,0.8431,1.4,0.3552,0.6191,0.4551,0.2175,0.0514,1
Propranolol,CHEMBL27,CC(C)NCC(O)COc1c2ccccc2ccc1,240.0,0.8714,10.59,17.4,8.296,8.039,2.242,2.378,0.5687,0
Desoximetasone,CHEMBL1766,C[C@@H]1C[C@H]2[C@@H]3CCC4=CC(=O)C=C[C@]4(C)[C@@]3(F)[C@@H](O)C[C@]2(C)[C@H]1C(=O)CO,500.0,1.405,7.571,12.83,12.19,5.601,1.967,2.396,0.5819,0
Aripiprazole,CHEMBL1112,O=C1CCc2c(cc(OCCCCN3CCN(c4c(Cl)c(Cl)ccc4)CC3)cc2)N1,100.0,0.07838,0.7661,0.8905,0.4953,0.5004,0.05813,0.1705,0.04019,0
Nicotine,CHEMBL440464,CN1CCCC1c1cccnc1,200.0,6.211,20.38,17.41,9.719,12.72,7.851,3.378,0.8054,0
Beclomethasone Dipropionate,CHEMBL1200500,CCC(=O)OCC(=O)[C@@]1(OC(=O)CC)C(C)CC2C3CCC4=CC(=O)C=C[C@]4(C)[C@@]3(Cl)C(O)C[C@@]21C,5.0,6.328,12.49,17.08,19.69,8.997,3.381,3.838,0.9347,0
Nabilone ,CHEMBL2218896,CCCCCCC(C)(C)c1cc2c(c(O)c1)C1CC(=O)CCC1C(C)(C)O2,1.0,0.1198,1.179,1.822,1.387,1.184,0.8557,0.504,0.1207,0
Azathioprine,CHEMBL1542,Cn1cnc([N+](=O)[O-])c1Sc1ncnc2c1[nH]cn2,100.0,1.29,10.89,13.79,4.363,4.111,3.842,2.126,0.5061,1
Cimetidine,CHEMBL30,C/N=C(\NC#N)NCCSCc1c(C)nc[nH]1,800.0,5.35,30.94,40.09,15.32,25.59,16.36,7.041,1.678,1
Diazepam,CHEMBL12,CN1C(=O)CN=C(c2ccccc2)c2c1ccc(Cl)c2,500.0,0.05378,0.2341,0.2889,0.2235,0.1868,0.1003,0.0555,0.01322,1
Methimazole,CHEMBL1515,Cn1cc[nH]c1=S,20.0,0.5522,4.269,5.993,2.397,3.329,1.658,0.9148,0.2183,1
Altretamine,CHEMBL1455,CN(C)c1nc(N(C)C)nc(N(C)C)n1,50.0,0.8092,3.071,4.662,1.726,2.411,1.541,0.6613,0.1581,0
Carbamazepine,CHEMBL108,NC(=O)N1c2c(C=Cc3c1cccc3)cccc2,600.0,0.2481,2.428,2.97,1.152,1.636,0.1378,0.4476,0.1073,1
Carbinoxamine,CHEMBL864,CN(C)CCOC(c1ccc(Cl)cc1)c1ncccc1,6.0,0.8453,4.587,4.448,2.964,2.526,2.38,1.024,0.2442,0
Cephradine,CHEMBL1161461,CC1=C(C(=O)O)N2C(=O)C(NC(=O)C(N)C3=CCC=CC3)C2SC1,500.0,25.09,70.63,45.57,20.99,41.94,2.933,13.29,3.228,0
Cetirizine ,CHEMBL1000,O=C(O)COCCN1CCN(C(c2ccccc2)c2ccc(Cl)cc2)CC1,500.0,0.02163,0.08624,0.09919,0.02839,0.05732,0.011,0.01593,0.003759,1
Prostaglandin E2,CHEMBL548,CCCCCC(O)/C=C/C1C(O)CC(=O)C1C/C=C\CCCC(=O)O,20.0,3.529,10.18,13.19,1.839,6.472,0.8391,3.267,0.7873,0
Diphenhydramine,CHEMBL657,CN(C)CCOC(c1ccccc1)c1ccccc1,500.0,1.53,4.838,5.605,2.735,3.102,1.983,0.8528,0.2035,0
Erythromycin,CHEMBL532,CC[C@H]1OC(=O)[C@H](C)[C@@H](O[C@H]2C[C@@](C)(OC)[C@@H](O)[C@H](C)O2)[C@H](C)[C@@H](O[C@@H]2O[C@H](C)C[C@H](N(C)C)[C@H]2O)[C@](C)(O)C[C@@H](C)C(=O)[C@H](C)[C@@H](O)[C@]1(C)O,1000.0,21.8,46.61,46.15,40.52,18.72,8.127,10.31,2.5,1
Esmolol,CHEMBL768,COC(=O)CCc1ccc(OCC(O)CNC(C)C)cc1,0.5,4.791,22.4,26.25,16.55,15.55,5.049,5.012,1.197,0
Felodipine,CHEMBL1480,CCOC(=O)C1=C(C)NC(C)=C(C(=O)OC)C1c1c(Cl)c(Cl)ccc1,10.0,2.017,5.68,7.816,4.374,4.567,2.453,1.356,0.3231,0
Fenfluramine,CHEMBL248702,CCN[C@@H](C)Cc1cccc(C(F)(F)F)c1,2.2,0.8152,9.213,11.95,5.678,5.954,3.198,1.77,0.3502,0
Isocarboxazid,CHEMBL1201168,Cc1cc(C(=O)NNCc2ccccc2)no1,10.0,0.02066,13.07,16.09,7.861,10.35,1.217,2.835,0.6789,0
Isoproterenol,CHEMBL434,CC(C)NCC(O)c1ccc(O)c(O)c1,2.0,0.3559,3.682,5.189,1.496,2.431,1.045,0.7142,0.172,0
Isradipine,CHEMBL1648,COC(=O)C1=C(C)NC(C)=C(C(=O)OC(C)C)C1c1cccc2nonc12,10.0,0.5774,5.841,5.484,2.809,3.335,1.714,1.06,0.2519,0
Vitamin B6,CHEMBL1364,Cc1ncc(CO)c(CO)c1O,1.6,1.012,4.293,7.0,3.047,3.98,1.587,1.083,0.261,0
Sulindac,CHEMBL15770,CC1=C(CC(=O)O)c2cc(F)ccc2/C1=C\c1ccc([S+](C)[O-])cc1,200.0,0.6667,4.177,4.468,1.4,3.39,0.3869,1.014,0.2398,1
Sumatriptan,CHEMBL128,CNS(=O)(=O)Cc1cc2c(cc1)[nH]cc2CCN(C)C,100.0,1.097,27.12,28.13,8.919,16.17,1.337,4.475,1.06,0
Tinidazole,CHEMBL1220,CCS(=O)(=O)CCn1c([N+](=O)[O-])cnc1C,1000.0,5.143,25.45,26.3,18.65,20.35,11.89,6.549,1.567,0
Trihexyphenidyl,CHEMBL1490,OC(CCN1CCCCC1)(c1ccccc1)C1CCCCC1,5.0,0.8716,2.334,2.516,2.147,1.847,0.9127,0.4887,0.1169,0
Ziprasidone,CHEMBL708,O=C1Cc2c(cc(Cl)c(CCN3CCN(c4nsc5c4cccc5)CC3)c2)N1,80.0,0.006332,0.118,0.1416,0.08023,0.06115,0.009088,0.02661,0.005268,0
Haloperidol,CHEMBL54,O=C(CCCN1CCC(O)(c2ccc(Cl)cc2)CC1)c1ccc(F)cc1,100.0,0.35,1.453,1.166,0.8314,1.091,0.5391,0.2893,0.06905,1
Lomefloxacin ,CHEMBL561,CCn1cc(C(=O)O)c(=O)c2cc(F)c(N3CCNC(C)C3)c(F)c21,400.0,13.75,29.94,30.09,16.93,19.56,4.722,5.875,1.384,0
Naproxen,CHEMBL12952,COc1cc2c(cc1)cc(C(C)C(=O)O)cc2,1500.0,0.05679,0.3063,0.3932,0.05932,0.2227,0.04186,0.06716,0.01575,1
Dasatinib,CHEMBL1421,Cc1nc(N2CCN(CCO)CC2)cc(Nc2ncc(C(=O)Nc3c(C)cccc3Cl)s2)n1,140.0,5.909,13.27,17.34,10.04,8.675,1.929,3.501,0.8384,1
Trifluridine ,CHEMBL284025,O=c1[nH]c(=O)n(C2CC(O)C(CO)O2)cc1C(F)(F)F,8.0,8.333,49.07,36.28,24.53,28.01,6.483,8.304,1.999,0
Paricalcitol,CHEMBL1200622,CC(/C=C/C(C)C(C)(C)O)C1CCC2/C(=C/C=C3CC(O)CC(O)C3)CCC[C@@]21C,0.01,0.3534,2.011,3.155,2.858,1.64,0.4267,0.5219,0.1262,0
Prazosin,CHEMBL2,COc1cc2nc(N3CCN(C(=O)c4ccco4)CC3)nc(N)c2cc1OC,5.0,0.7197,2.61,2.029,1.099,1.351,1.615,0.5982,0.1303,0
Theophylline,CHEMBL190,Cn1c(=O)c2c(nc[nH]2)n(C)c1=O,600.0,0.9333,7.883,8.985,4.278,6.148,3.061,1.692,0.4032,0
Acetylcysteine ,CHEMBL145615,CC(=O)NC(CS)C(=O)O,150.0,1.061,3.581,4.252,1.041,2.612,0.1483,0.7679,0.1848,0
Cyclophosphamide,CHEMBL88,O=P1(N(CCCl)CCCl)NCCCO1,168.0,1.753,4.435,3.844,3.274,3.168,0.4855,0.9376,0.2261,1
Estazolam,CHEMBL285674,Clc1cc2c(cc1)-n1cnnc1CN=C2c1ccccc1,2.0,0.2061,2.079,2.619,1.278,1.598,0.8724,0.4824,0.1149,0
Glutamate,CHEMBL575060,N[C@@H](CCC(=O)O)C(=O)O,5000.0,0.3376,3.024,4.331,0.9219,2.483,0.2859,0.7476,0.1772,0
Ibuprofen,CHEMBL521,CC(C)Cc1ccc(C(C)C(=O)O)cc1,1800.0,0.07543,0.6978,0.6262,0.106,0.3466,0.05587,0.1033,0.02452,1
Phenobarbital,CHEMBL40,CCC1(c2ccccc2)C(=O)NC(=O)NC1=O,400.0,0.5293,3.762,2.218,2.912,1.588,0.1792,0.6711,0.1613,1
Propylthiouracil,CHEMBL1518,CCCc1cc(=O)[nH]c(=S)[nH]1,250.0,0.9724,5.604,5.621,5.135,3.931,2.679,1.274,0.3026,1
Albuterol,CHEMBL714,CC(C)(C)NCC(O)c1ccc(O)c(CO)c1,0.5,5.483,61.77,80.03,40.22,46.74,20.11,13.73,2.749,0
Tryptophan,CHEMBL484901,NC(Cc1c[nH]c2c1cccc2)C(=O)O,12.0,0.3512,16.99,16.25,2.306,9.558,1.428,2.677,0.6269,0
Baclofen,CHEMBL701,NCC(CC(=O)O)c1ccc(Cl)cc1,25.0,0.2259,3.308,4.322,0.8465,2.589,0.2739,0.7225,0.1698,0
Benazepril,CHEMBL1604571,CCOC(=O)C(CCc1ccccc1)NC1CCc2c(cccc2)N(CC(=O)O)C1=O,500.0,1.028,3.738,2.707,0.7246,1.958,0.2431,0.6373,0.1507,0
Brompheniramine,CHEMBL811,CN(C)CCC(c1ccc(Br)cc1)c1ncccc1,24.0,0.7341,3.915,3.244,2.439,2.118,1.926,0.8309,0.1976,0
Bumetanide,CHEMBL1072,CCCCNc1c(Oc2ccccc2)c(S(N)(=O)=O)cc(C(=O)O)c1,5.0,0.2521,2.375,1.228,0.6051,1.675,0.3427,0.5435,0.129,0
Diflunisal,CHEMBL898,O=C(O)c1c(O)ccc(-c2ccc(F)cc2F)c1,500.0,0.01008,0.05306,0.04294,0.01643,0.03047,0.003684,0.00945,0.002239,1
Digoxin,CHEMBL1751,CC1OC(OC2C(O)CC(OC3C(O)CC(OC4CC[C@@]5(C)C(CCC6C5CC(O)[C@]5(C)C(C7=CC(=O)OC7)CC[C@]65O)C4)OC3C)OC2C)CC(O)C1O,625.0,3.554,8.756,12.45,9.297,6.061,1.513,1.922,0.4666,0
Epinephrine,CHEMBL1740,CNCC(O)c1ccc(O)c(O)c1,1.0,0.2427,2.952,4.083,1.087,2.039,0.8131,0.5557,0.1337,0
Gallamine Triethiodide,CHEMBL1200993,CCN(CC)CCOc1c(OCCN(CC)CC)c(OCCN(CC)CC)ccc1,20.0,1.232,1.95,4.462,2.877,2.297,1.778,0.6602,0.1435,0
Guanethidine,CHEMBL765,N=C(N)NCCN1CCCCCCC1,50.0,9.898,23.79,38.88,15.41,19.88,9.824,5.258,1.258,0
Halazepam,CHEMBL970,O=C1CN=C(c2ccccc2)c2c(ccc(Cl)c2)N1CC(F)(F)F,160.0,0.4117,2.046,2.188,1.163,1.509,0.8173,0.4525,0.1077,0
Methsuximide,CHEMBL697,CN1C(=O)CC(C)(c2ccccc2)C1=O,300.0,12.87,49.63,52.04,75.68,48.11,28.11,15.45,3.704,0
Methyldopa,CHEMBL459,C[C@](N)(Cc1ccc(O)c(O)c1)C(=O)O,500.0,6.265,52.4,38.59,7.99,6.534,2.656,6.784,1.614,1
Midazolam,CHEMBL655,Cc1ncc2CN=C(c3ccccc3F)c3c(ccc(Cl)c3)-n21,15.0,0.2301,1.544,1.725,1.096,1.491,0.7424,0.4099,0.0978,0
Mifepristone,CHEMBL1276308,CC#C[C@]1(O)CCC2C3CCC4=CC(=O)CCC4=C3C(c3ccc(N(C)C)cc3)C[C@@]21C,600.0,0.5561,2.73,2.488,2.877,1.05,1.317,0.608,0.1446,0
Milrinone,CHEMBL189,Cc1c(-c2ccncc2)cc(C#N)c(=O)[nH]1,200.0,0.1898,2.796,3.738,1.652,2.436,1.213,0.6718,0.03923,0
Nitrazepam,CHEMBL13209,O=C1CN=C(c2ccccc2)c2c(ccc([N+](=O)[O-])c2)N1,10.0,0.3275,9.314,7.129,3.823,6.109,0.4583,1.672,0.4007,0
Norepinephrine,CHEMBL432,NCC(O)c1ccc(O)c(O)c1,0.12,0.2385,2.675,3.449,0.9235,1.773,0.7072,0.484,0.1163,0
Sorbitol,CHEMBL16105,OCC(O)C(O)C(O)C(O)CO,258.0,11.66,84.6,176.0,50.49,94.21,16.36,20.03,4.838,0
Tiagabine,CHEMBL1190260,Cc1c(C(=CCCN2CCCC(C(=O)O)C2)c2c(C)ccs2)scc1,16.0,0.1101,0.6068,0.6469,0.2215,0.4866,0.09011,0.1302,0.0308,0
Ticlopidine,CHEMBL833,Clc1ccccc1CN1CCc2c(ccs2)C1,250.0,1.812,10.4,10.79,6.284,7.612,4.866,2.104,0.4992,1
Zaleplon,CHEMBL1521,CCN(C(C)=O)c1cc(-c2ccnc3c(C#N)cnn23)ccc1,10.0,1.103,9.865,7.4,6.138,5.423,3.551,1.954,0.1149,0
Nitazoxanide,CHEMBL1401,CC(=O)Oc1ccccc1C(=O)Nc1ncc([N+](=O)[O-])s1,1000.0,0.2429,3.507,4.878,2.793,2.069,0.9547,1.028,0.244,0
Glimepiride ,CHEMBL149223,CCC1=C(C)CN(C(=O)NCCc2ccc(S(=O)(=O)NC(=O)NC3CCC(C)CC3)cc2)C1=O,8.0,0.08215,0.3453,0.067,0.412,0.1352,0.01858,0.0689,0.01673,1
Almotriptan,CHEMBL1505,CN(C)CCc1c[nH]c2c1cc(CS(=O)(=O)N1CCCC1)cc2,12.0,1.04,26.17,30.81,18.72,19.18,13.34,5.801,1.369,0
Trazodone ,CHEMBL621,O=c1n(CCCN2CCN(c3cccc(Cl)c3)CC2)nc2ccccn12,300.0,3.129,7.295,6.856,4.816,4.406,4.014,1.496,0.3531,1
Memantine,CHEMBL807,CC12CC3CC(C)(C1)CC(N)(C3)C2,28.0,1.109,5.221,8.292,5.879,4.919,2.874,1.576,0.3787,0
Dofetilide,CHEMBL473,CN(CCOc1ccc(NS(C)(=O)=O)cc1)CCc1ccc(NS(C)(=O)=O)cc1,500.0,7.41,18.59,19.17,15.07,12.13,3.19,3.629,0.8583,0
Tazarotene,CHEMBL1657,CCOC(=O)c1cnc(C#Cc2ccc3SCCC(C)(C)c3c2)cc1,1.0,0.438,1.045,0.965,1.064,0.7288,0.5682,0.3349,0.05606,0
Benzylpenicillin,CHEMBL300052,CC1(C)SC2C(NC(=O)Cc3ccccc3)C(=O)N2C1C(=O)O,14400.0,14.97,92.3,35.01,14.15,38.95,3.062,11.43,2.756,0
Ibandronic acid,CHEMBL997,CCCCCN(C)CCC(O)(P(=O)(O)O)P(=O)(O)O,168.0,0.5374,1.289,1.379,1.12,0.9261,0.1455,0.2626,0.06323,0
Carbidopa,CHEMBL1201236,C[C@@](Cc1ccc(O)c(O)c1)(NN)C(=O)O,50.0,5.0,27.97,20.94,4.867,12.89,2.057,3.831,0.912,0
Tranexamic acid,CHEMBL292500,NCC1CCC(C(=O)O)CC1,1000.0,1.34,13.17,15.24,4.221,9.475,1.541,2.837,0.6762,0
Ascorbate,CHEMBL196,O=C1C(O)=C(O)OC1C(O)CO,150.0,22.67,96.53,112.2,59.73,72.63,15.45,19.63,4.763,0
Quazepam,CHEMBL1200472,Fc1ccccc1C1=NCC(=S)N(CC(F)(F)F)c2c1cc(Cl)cc2,15.0,0.4248,2.111,1.908,1.183,1.557,0.8433,0.4669,0.1111,0
Levothyroxine,CHEMBL1624,N[C@@H](Cc1cc(I)c(Oc2cc(I)c(O)c(I)c2)c(I)c1)C(=O)O,4.0,0.01526,0.1709,0.1546,0.0331,0.09345,0.01176,0.02591,0.006129,0
Sulfisoxazole,CHEMBL453,Cc1noc(NS(=O)(=O)c2ccc(N)cc2)c1C,1000.0,0.0449,0.3704,0.2829,0.2345,0.3718,0.06052,0.1022,0.02439,0
Delta9-tetrahydrocannabinol (Dronabinol),CHEMBL465,CCCCCc1cc2c(c(O)c1)[C@@H]1C=C(C)CC[C@H]1C(C)(C)O2,10.0,0.3266,3.489,5.199,3.901,2.962,2.14,1.264,0.3019,0
Triamterene,CHEMBL585,Nc1nc2nc(N)c(-c3ccccc3)nc2c(N)n1,100.0,0.2576,3.675,5.305,1.859,2.699,1.506,0.8322,0.1984,0
Dopamine,CHEMBL59,NCCc1ccc(O)c(O)c1,320.0,4.551,58.08,71.9,18.19,34.63,13.81,9.475,2.271,0
Acitretin,CHEMBL1131,COc1cc(C)c(/C=C/C(C)=C/C=C/C(C)=C/C(=O)O)c(C)c1C,50.0,0.3055,2.015,4.129,2.643,1.884,0.6339,0.7494,0.1764,1
Biperiden,CHEMBL1101,OC(CCN1CCCCC1)(c1ccccc1)C1CC2C=CC1C2,2.0,2.344,5.043,7.18,5.565,4.796,2.37,1.266,0.3036,0
Bisoprolol,CHEMBL645,CC(C)NCC(O)COc1ccc(COCCOC(C)C)cc1,10.0,2.017,10.51,15.89,7.833,7.213,1.93,2.131,0.5103,0
Cabergoline ,CHEMBL1898147,C=CCN1CC(C(=O)N(CCCN(C)C)C(=O)NCC)CC2c3c4c(c[nH]c4ccc3)CC21,5.0,1.344,35.88,21.98,29.13,22.67,2.045,6.486,1.548,0
Diethylpropion,CHEMBL1194666,CCN(CC)C(C)C(=O)c1ccccc1,25.0,8.305,21.45,29.74,18.94,15.93,10.98,4.73,1.127,0
Droperidol,CHEMBL1108,O=C(CCCN1CC=C(n2c(=O)[nH]c3c2cccc3)CC1)c1ccc(F)cc1,2.5,0.1522,3.281,3.283,1.454,2.566,1.583,0.6909,0.1624,0
Ethotoin,CHEMBL1095,CCN1C(=O)NC(c2ccccc2)C1=O,250.0,9.284,41.07,21.1,35.38,22.08,1.486,7.029,1.699,0
Iodipamide,CHEMBL1165268,O=C(CCCCC(=O)Nc1c(I)c(C(=O)O)c(I)cc1I)Nc1c(I)cc(I)c(C(=O)O)c1I,520.0,0.001167,0.008613,0.005868,0.002106,0.005688,0.0004387,0.001709,0.0004059,0
Iohexol ,CHEMBL1200455,CC(=O)N(CC(O)CO)c1c(I)c(C(=O)NCC(O)CO)c(I)c(C(=O)NCC(O)CO)c1I,647.0,2.203,19.33,18.22,20.35,14.09,1.266,4.476,1.085,0
Methocarbamol,CHEMBL1201117,COc1ccccc1OCC(O)COC(N)=O,750.0,9.347,38.28,37.89,18.01,25.25,3.053,6.911,1.297,0
Methyclothiazide,CHEMBL1577,CN1C(CCl)Nc2c(cc(S(N)(=O)=O)c(Cl)c2)S1(=O)=O,10.0,5.142,19.56,21.49,20.66,19.9,3.494,5.885,1.17,0
Metirosine,CHEMBL1200862,C[C@](N)(Cc1ccc(O)cc1)C(=O)O,250.0,4.707,33.79,25.15,5.99,4.575,1.859,4.748,1.13,0
Miconazole,CHEMBL91,Clc1ccc(COC(Cn2ccnc2)c2ccc(Cl)cc2Cl)c(Cl)c1,500.0,0.1143,1.171,0.8571,0.7549,0.8407,0.4591,0.2536,0.06048,0
Pramipexole,CHEMBL76399,CCCNC1CCc2c(C1)sc(N)n2,750.0,6.253,33.78,33.35,24.6,22.17,12.95,7.146,1.706,0
Propofol,CHEMBL526,CC(C)c1cccc(C(C)C)c1O,500.0,1.631,7.532,9.985,6.608,6.001,2.581,1.776,0.4245,0
Sufentanil,CHEMBL658,CCC(=O)N(c1ccccc1)C1(COC)CCN(CCc2cccs2)CC1,0.05,1.08,6.936,2.963,3.361,2.828,2.774,1.194,0.2846,0
Thioridazine,CHEMBL479,CSc1cc2c(cc1)Sc1c(cccc1)N2CCC1CCCCN1C,800.0,0.04508,0.05943,0.1063,0.04942,0.07101,0.0511,0.01906,0.004495,1
Aminobenzoate,CHEMBL542,Nc1ccc(C(=O)O)cc1,500.0,0.565,4.784,5.458,2.334,4.168,0.6229,1.153,0.2734,0
Polythiazide,CHEMBL1587,CN1C(CSCC(F)(F)F)Nc2c(cc(S(N)(=O)=O)c(Cl)c2)S1(=O)=O,4.0,8.249,16.79,15.18,17.41,18.32,2.527,4.806,0.9554,0
Dipyridamole,CHEMBL932,OCCN(CCO)c1nc(N2CCCCC2)c2nc(N(CCO)CCO)nc(N3CCCCC3)c2n1,100.0,0.2656,0.7948,1.415,0.238,0.4421,0.3125,0.1667,0.04003,0
Secobarbital,CHEMBL447,C=CCC1(C(C)CCC)C(=O)NC(=O)NC1=O,100.0,3.666,17.42,15.69,22.67,9.902,1.117,4.156,1.006,0
Loperamide,CHEMBL841,CN(C)C(=O)C(CCN1CCC(O)(c2ccc(Cl)cc2)CC1)(c1ccccc1)c1ccccc1,40.0,0.8089,2.389,1.483,2.863,1.789,0.9534,0.5103,0.1221,0
Metolazone,CHEMBL878,Cc1ccccc1N1C(=O)c2c(cc(Cl)c(S(N)(=O)=O)c2)NC1C,500.0,1.257,5.928,8.125,5.763,3.447,1.053,1.782,0.3527,1
Ajmaline,CHEMBL2105617,CC[C@@H]1[C@@H]2C[C@@H]3[C@@H]4N(C)c5c(cccc5)[C@]45C[C@H]([C@@H]2[C@@H]5O)N3[C@@H]1O,80.0,3.759,17.01,11.82,12.83,8.814,2.713,2.839,0.6785,1
Dihydroergotamine,CHEMBL1732,CN1CC(C(=O)N[C@]2(C)O[C@@]3(O)C4CCCN4C(=O)C(Cc4ccccc4)N3C2=O)CC2c3c4c(c[nH]c4ccc3)CC21,1.0,1.462,34.56,21.19,23.27,11.2,1.391,5.669,1.206,0
N-Butyldeoxynojirimycin,CHEMBL187262,CCCCN1CC(O)C(O)C(O)C1CO,100.0,2.168,4.618,7.734,4.956,4.47,1.031,1.12,0.2695,0
Carbenicillin,CHEMBL1616445,CC1(C)SC2C(NC(=O)C(C(=O)O)c3ccccc3)C(=O)N2C1C(=O)O,764.0,1.374,6.072,3.573,1.134,3.555,0.2794,1.044,0.2515,0
Inositol,CHEMBL1222251,OC1C(O)C(O)C(O)C(O)C1O,4000.0,23.15,167.9,325.9,108.9,187.0,32.46,39.78,9.604,0
Citrate,CHEMBL1261,O=C(O)CC(O)(CC(=O)O)C(=O)O,2.16,0.5411,3.451,5.974,1.33,3.135,0.2659,0.8627,0.2056,0
Chlorambucil,CHEMBL515,O=C(O)CCCc1ccc(N(CCCl)CCCl)cc1,5.0,0.3396,1.298,1.08,0.2858,0.5504,0.1201,0.2124,0.04973,1
Misoprostol ,CHEMBL606,CCCCC(C)(O)C/C=C/C1C(O)CC(=O)C1CCCCCCC(=O)OC,0.4,1.643,3.688,4.505,5.906,2.36,1.038,1.18,0.2871,0
Reserpine,CHEMBL357497,COC(=O)C1C2CC3c4c(CCN3CC2CC(OC(=O)c2cc(OC)c(OC)c(OC)c2)C1OC)c1ccc(OC)cc1[nH]4,0.25,0.4115,1.484,1.563,1.128,0.8709,0.676,0.3515,0.0546,0
Terbutaline,CHEMBL1760,CC(C)(C)NCC(O)c1cc(O)cc(O)c1,100.0,0.3996,3.275,5.35,1.735,2.709,1.165,0.7951,0.1916,0
Acetohydroxamic Acid,CHEMBL734,CC(=O)NO,250.0,1.134,4.322,6.408,3.996,3.397,0.2228,0.9958,0.2403,0
Amitriptyline,CHEMBL629,CN(C)CCC=C1c2c(cccc2)CCc2c1cccc2,200.0,1.044,3.557,3.786,1.861,2.145,1.324,0.5707,0.1358,1
Amoxapine,CHEMBL1113,Clc1cc2c(cc1)Oc1c(cccc1)N=C2N1CCNCC1,150.0,0.36,3.518,3.109,1.64,2.609,1.515,0.7187,0.1711,0
Bupropion,CHEMBL894,CC(NC(C)(C)C)C(=O)c1cccc(Cl)c1,522.0,1.817,11.78,15.94,9.196,9.477,5.089,2.813,0.6704,1
Cefonicid,CHEMBL1601,O=C(O)C1=C(CSc2nnnn2CS(=O)(=O)O)CS[C@@H]2[C@H](NC(=O)[C@H](O)c3ccccc3)C(=O)N12,25.0,0.08817,0.3014,0.1511,0.06686,0.1477,0.008802,0.04005,0.009686,0
Daunorubicin,CHEMBL178,COc1cccc2c1C(=O)c1c(O)c3c(C[C@@](O)(C(C)=O)C[C@@H]3O[C@H]3C[C@H](N)[C@H](O)[C@H](C)O3)c(O)c1C2=O,40.0,1.457,7.37,9.357,3.608,0.7859,1.211,1.345,0.3203,0
Fludrocortisone,CHEMBL1201388,C[C@]12CC(O)[C@@]3(F)C(CCC4=CC(=O)CC[C@@]43C)C1CC[C@]2(O)C(=O)CO,1.0,2.611,16.2,25.42,20.23,10.08,3.542,4.338,1.048,0
Idarubicin,CHEMBL1117,CC(=O)[C@]1(O)Cc2c(c(O)c3C(=O)c4c(cccc4)C(=O)c3c2O)C(OC2CC(N)C(O)C(C)O2)C1,25.0,1.648,9.75,8.776,4.703,1.172,1.17,1.502,0.3607,0
Ketotifen,CHEMBL534,CN1CCC(=C2c3c(cccc3)CC(=O)c3c2ccs3)CC1,27.0,0.7687,4.924,5.055,2.856,3.345,2.064,0.8883,0.2117,0
Loracarbef ,CHEMBL1013,NC(C(=O)NC1C(=O)N2C(C(=O)O)=C(Cl)CCC12)c1ccccc1,400.0,6.089,60.48,33.45,12.97,32.52,2.579,9.662,2.321,0
Lorazepam,CHEMBL580,O=C1Nc2c(cc(Cl)cc2)C(c2ccccc2Cl)=NC1O,5.0,0.08249,0.9991,0.9487,0.5393,0.821,0.04202,0.2238,0.05385,0
Methaqualone,CHEMBL282052,Cc1ccccc1-n1c(C)nc2c(cccc2)c1=O,300.0,0.9993,35.52,41.93,17.15,29.47,14.67,8.134,1.933,0
Nedocromil,CHEMBL746,CCCc1c2c(cc3c1oc(C(=O)O)cc3=O)c(=O)cc(C(=O)O)n2CC,2.0,0.7144,5.435,3.955,2.595,3.907,0.6853,1.271,0.3007,0
Pentamidine,CHEMBL55,N=C(N)c1ccc(OCCCCCOc2ccc(C(=N)N)cc2)cc1,4.0,0.9269,6.258,8.031,3.424,3.722,2.39,1.421,0.337,0
Pentazocine,CHEMBL1740351,CC(C)=CCN1CC[C@@]2(C)c3c(ccc(O)c3)CC1C2C,50.0,3.243,7.992,7.546,4.646,5.003,2.667,1.431,0.3416,0
Pentoxifylline,CHEMBL628,CC(=O)CCCCn1c(=O)c2c(ncn2C)n(C)c1=O,600.0,28.64,74.78,66.44,38.59,46.89,38.59,16.54,3.96,1
Primidone,CHEMBL856,CCC1(c2ccccc2)C(=O)NCNC1=O,250.0,3.66,26.01,17.69,20.5,14.49,1.239,4.64,1.115,0
Prochlorperazine,CHEMBL728,CN1CCN(CCCN2c3c(cccc3)Sc3c2cc(Cl)cc3)CC1,15.0,0.07928,0.2812,0.269,0.1057,0.2224,0.16,0.05947,0.01408,1
Promethazine,CHEMBL643,CC(CN1c2c(cccc2)Sc2c1cccc2)N(C)C,100.0,2.391,8.446,8.037,6.516,5.748,4.622,1.709,0.4066,0
Rivastigmine,CHEMBL151763,CCN(C)C(=O)Oc1cc(C(C)N(C)C)ccc1,6.0,3.961,12.01,11.0,13.43,8.274,7.24,2.686,0.6369,0
Tetracycline,CHEMBL1625081,CN(C)C1C(O)=C(C(N)=O)C(=O)[C@@]2(O)C(O)=C3C(=O)c4c(cccc4O)[C@@](C)(O)C3CC12,500.0,3.307,5.151,6.465,8.547,5.178,0.4193,1.642,0.3986,1
Clotrimazole,CHEMBL104,Clc1ccccc1C(c1ccccc1)(c1ccccc1)n1ccnc1,100.0,0.6261,4.069,5.492,3.254,3.686,2.013,1.115,0.02687,0
Nevirapine,CHEMBL57,Cc1ccnc2c1NC(=O)c1cccnc1N2C1CC1,400.0,1.451,30.98,17.82,12.45,10.0,2.8,4.705,1.128,1
Norfloxacin,CHEMBL9,CCn1cc(C(=O)O)c(=O)c2c1cc(N1CCNCC1)c(F)c2,420.0,3.473,7.731,7.402,4.275,4.94,1.192,1.484,0.3495,1
D-Penicillamine,CHEMBL207222,CC(C)(S)[C@H](N)C(=O)O,250.0,1.974,13.96,18.69,3.693,10.23,1.19,3.03,0.7235,1
Maprotiline,CHEMBL21731,CNCCCC12CCC(c3c1cccc3)c1c2cccc1,75.0,0.02112,0.3101,0.353,0.1625,0.2058,0.1115,0.06158,0.01469,0
Meropenem ,CHEMBL71929,CC(O)C1C(=O)N2C(C(=O)O)=C(SC3CNC(C(=O)N(C)C)C3)C(C)C12,6000.0,10.78,43.79,37.26,11.98,28.0,3.127,8.926,2.155,1
Zolpidem,CHEMBL911,Cc1ccc(-c2c(CC(=O)N(C)C)n3cc(C)ccc3n2)cc1,12.0,0.1775,2.143,2.153,1.923,1.024,0.813,0.4464,0.1071,0
Rifaximin,CHEMBL1617,COC1/C=C\O[C@@]2(C)Oc3c(C2=O)c2c(c(O)c3C)c(O)c(NC(=O)/C(C)=C\C=C/C(C)C(O)C(C)C(O)C(C)C(OC(C)=O)C1C)c1c2nc2cc(C)ccn21,1100.0,0.9912,2.57,6.333,3.594,2.825,0.1495,0.994,0.2434,0
Budesonide,CHEMBL2110662,CCC[C@@H]1O[C@@H]2C[C@H]3[C@@H]4CCC5=CC(=O)C=C[C@]5(C)[C@H]4[C@@H](O)C[C@]3(C)[C@]2(C(=O)CO)O1,9.0,2.131,7.695,9.035,8.113,5.453,1.361,1.727,0.4197,0
Phenytoin,CHEMBL16,O=C1NC(=O)C(c2ccccc2)(c2ccccc2)N1,750.0,0.3446,3.187,2.784,1.598,1.608,0.1546,0.5787,0.1391,1
Griseofulvin,CHEMBL562,COC1=CC(=O)CC(C)[C@]12Oc1c(Cl)c(OC)cc(OC)c1C2=O,500.0,9.051,22.98,53.83,51.26,24.45,22.06,10.46,2.491,1
Isoniazid,CHEMBL64,NNC(=O)c1ccncc1,500.0,0.8412,8.607,8.196,4.681,6.563,0.7713,1.791,0.4304,1
Temazepam,CHEMBL967,CN1C(=O)C(O)N=C(c2ccccc2)c2c1ccc(Cl)c2,30.0,0.06379,0.3551,0.4157,0.3361,0.2854,0.1228,0.08429,0.02019,0
Tolbutamide,CHEMBL782,CCCCNC(=O)NS(=O)(=O)c1ccc(C)cc1,500.0,0.09924,0.6136,0.2505,0.454,0.2334,0.06199,0.1204,0.02887,1
Vinblastine,CHEMBL159,CC[C@]1(O)CC2CN(CCc3c([nH]c4c3cccc4)[C@@](C(=O)OC)(c3cc4c(cc3OC)N(C)C3[C@@](O)(C(=O)OC)C(OC(C)=O)[C@]5(CC)C=CCN6CC[C@]43C65)C2)C1,10.0,0.723,11.45,17.03,13.01,9.659,7.424,3.719,0.7066,0
Azelaic Acid,CHEMBL1238,O=C(O)CCCCCCCC(=O)O,500.0,0.2135,1.589,2.415,0.6616,1.31,0.1508,0.3945,0.09347,0
Amantadine,CHEMBL660,NC12CC3CC(CC(C3)C1)C2,258.0,1.163,6.802,12.8,6.897,6.722,3.642,1.996,0.4797,0
Amifostine,CHEMBL1006,NCCCNCCSP(=O)(O)O,500.0,1.303,4.68,6.113,2.359,3.227,0.5715,0.9586,0.2303,0
Amino-glutethimide ,CHEMBL488,CCC1(c2ccc(N)cc2)CCC(=O)NC1=O,250.0,0.8655,5.08,4.358,3.729,3.72,0.3181,1.19,0.2863,0
Anileridine HCl,CHEMBL1201347,CCOC(=O)C1(c2ccccc2)CCN(CCc2ccc(N)cc2)CC1,450.0,1.2,2.166,2.243,1.794,1.835,1.221,0.5278,0.1253,0
Carmustine,CHEMBL513,O=NN(CCCl)C(=O)NCCCl,200.0,2.626,12.06,14.46,8.415,5.757,0.7813,2.914,0.7032,1
Cefadroxil ,CHEMBL1555813,CC1=C(C(=O)O)N2C(=O)C(NC(=O)C(N)c3ccc(O)cc3)C2SC1,1000.0,8.616,22.04,12.46,5.329,12.74,0.8188,3.717,0.901,1
Ciprofloxacin,CHEMBL8,O=C(O)c1cn(C2CC2)c2c(cc(F)c(N3CCNCC3)c2)c1=O,1000.0,11.6,37.32,31.43,17.91,21.12,5.143,6.408,1.507,1
Cladribine ,CHEMBL17639,Nc1c2ncn(C3CC(O)C(CO)O3)c2nc(Cl)n1,10.0,1.409,6.756,8.826,4.189,5.684,1.443,1.848,0.445,0
Cycloserine,CHEMBL771,NC1CONC1=O,250.0,1.45,7.248,12.87,3.923,5.823,0.519,1.586,0.3819,0
Cyproheptadine,CHEMBL516,CN1CCC(=C2c3c(C=Cc4c2cccc4)cccc3)CC1,40.0,0.5352,1.761,2.004,0.9775,1.212,0.7477,0.3222,0.0767,1
Diphenoxylate,CHEMBL1201294,CCOC(=O)C1(c2ccccc2)CCN(CCC(C#N)(c2ccccc2)c2ccccc2)CC1,5.0,0.6299,2.486,1.966,1.753,1.54,1.025,0.4422,0.1052,0
Ethanolamine,CHEMBL104943,NCCO,50.0,0.2174,2.468,4.884,1.358,2.061,0.8218,0.5608,0.1352,0
Flecainide,CHEMBL652,O=C(NCC1CCCCN1)c1cc(OCC(F)(F)F)ccc1OCC(F)(F)F,400.0,0.336,2.769,4.959,2.306,2.633,0.8317,1.035,0.2456,1
Flucloxacillin,CHEMBL222645,Cc1c(C(=O)N[C@@H]2C(=O)N3[C@@H](C(=O)O)C(C)(C)S[C@H]23)c(-c2c(F)cccc2Cl)no1,500000.0,1.133,19.14,9.347,4.147,10.87,1.516,3.203,0.7688,1
Hydroxychloroquine,CHEMBL1535,CCN(CCO)CCCC(C)Nc1c2ccc(Cl)cc2ncc1,400.0,2.996,8.274,8.97,4.575,7.551,4.025,2.16,0.5156,0
Hydroxyzine,CHEMBL896,OCCOCCN1CCN(C(c2ccccc2)c2ccc(Cl)cc2)CC1,500.0,1.177,4.819,6.539,2.192,3.901,1.896,0.9498,0.2269,0
Dextropropoxyphene,CHEMBL1213351,CCC(=O)O[C@](Cc1ccccc1)(c1ccccc1)C(C)CN(C)C,100.0,0.8902,3.709,2.344,3.205,0.5846,1.407,0.6033,0.1444,1
Triiodothyronine,CHEMBL789,NC(Cc1cc(I)c(Oc2cc(I)c(O)cc2)c(I)c1)C(=O)O,0.05,0.01514,0.1721,0.1324,0.02274,0.08582,0.0108,0.02378,0.005628,0
Nafcillin,CHEMBL1443,CCOc1ccc2ccccc2c1C(=O)NC1C(=O)N2C1SC(C)(C)C2C(=O)O,10000.0,8.137,35.14,24.89,10.48,27.33,5.788,7.828,1.862,0
Naloxone,CHEMBL1585944,C=CCN1CC[C@]23c4c5ccc(O)c4OC2C(=O)CC[C@@]3(O)C1C5,40.0,129.2,389.8,367.7,152.2,237.9,122.9,63.42,15.06,0
Orlistat,CHEMBL1434441,CCCCCCCCCCCC(CC1OC(=O)C1CCCCCC)OC(=O)C(CC(C)C)NC=O,120.0,0.1519,0.7613,0.4544,0.7584,0.3779,0.07608,0.1461,0.03542,1
Penbutolol,CHEMBL26362,CC(C)(C)NCC(O)COc1ccccc1C1CCCC1,20.0,0.41,2.8,5.285,3.794,2.819,0.9229,0.9821,0.2341,0
Pimozide,CHEMBL1423,O=c1[nH]c2c(cccc2)n1C1CCN(CCCC(c2ccc(F)cc2)c2ccc(F)cc2)CC1,10.0,0.03167,0.5201,0.519,0.2113,0.4068,0.251,0.1095,0.02575,0
Pindolol,CHEMBL500,CC(C)NCC(O)COc1c2cc[nH]c2ccc1,15.0,1.535,11.56,17.93,8.052,8.778,2.448,2.616,0.6209,0
Primaquine,CHEMBL506,COc1cc(NC(C)CCCN)c2ncccc2c1,26.0,1.212,7.81,11.58,4.733,6.949,4.736,2.26,0.5349,0
Telmisartan,CHEMBL1017,CCCc1nc2c(cc(-c3nc4c(cccc4)n3C)cc2C)n1Cc1ccc(-c2ccccc2C(=O)O)cc1,80.0,0.05672,0.5562,0.6208,0.2935,0.305,0.05994,0.1115,0.00646,0
Tobramycin,CHEMBL14440,NCC1OC(OC2C(N)CC(N)C(OC3OC(CO)C(O)C(N)C3O)C2O)C(N)CC1O,5.0,82.01,597.9,744.4,264.7,376.6,87.16,111.1,26.88,0
Trimipramine ,CHEMBL644,CC(CN(C)C)CN1c2c(cccc2)CCc2c1cccc2,100.0,4.464,14.93,15.03,12.76,8.687,6.986,2.577,0.6145,0
Troglitazone,CHEMBL408,Cc1c(C)c2c(CCC(C)(COc3ccc(CC4SC(=O)NC4=O)cc3)O2)c(C)c1O,600.0,0.317,0.6479,0.5155,0.7216,0.09247,0.02459,0.1119,0.02683,1
Carisoprodol,CHEMBL1472619,CCC[C@@](C)(COC(N)=O)COC(=O)NC(C)C,350.0,7.793,18.5,11.77,14.24,11.07,1.831,3.518,0.8525,0
Sulfamethoxazole,CHEMBL443,Cc1cc(NS(=O)(=O)c2ccc(N)cc2)no1,800.0,0.1216,1.547,1.483,0.8103,1.485,0.2417,0.4087,0.09737,1
Risperidone,CHEMBL85,Cc1c(CCN2CCC(c3noc4c3ccc(F)c4)CC2)c(=O)n2CCCCc2n1,100.0,1.004,6.113,4.724,3.288,5.298,3.269,1.419,0.3354,1
Zolmitriptan,CHEMBL120768,CN(C)CCc1c[nH]c2c1cc(CC1COC(=O)N1)cc2,5.0,1.052,41.62,28.56,13.68,22.38,4.048,6.173,1.468,0
Ergonovine Maleate,CHEMBL1368134,CC(CO)NC(=O)C1C=C2c3c4c(c[nH]c4ccc3)CC2N(C)C1,2.0,0.9762,27.15,23.11,17.44,14.26,0.9624,4.193,1.009,0
Erlotinib,CHEMBL553,C#Cc1cccc(Nc2ncnc3c2cc(OCCOC)c(OCCOC)c3)c1,163.0,2.654,1.788,5.229,1.282,3.398,2.164,1.044,0.1915,0
Clodronic acid,CHEMBL12318,O=P(O)(O)C(Cl)(Cl)P(=O)(O)O,800.0,0.5289,3.786,5.823,2.285,3.134,0.5101,0.8576,0.2055,0
Metaproterenol,CHEMBL776,CC(C)NCC(O)c1cc(O)cc(O)c1,20.0,0.5362,4.393,8.078,2.363,3.634,1.563,1.067,0.2571,0
Amobarbital,CHEMBL267894,CCC1(CCC(C)C)C(=O)NC(=O)NC1=O,200.0,3.701,15.02,13.08,18.39,8.387,0.9464,3.518,0.8518,0
Astemizole,CHEMBL296419,COc1ccc(CCN2CCC(Nc3nc4c(cccc4)n3Cc3ccc(F)cc3)CC2)cc1,10.0,0.2813,1.305,1.297,0.6087,1.009,0.7263,0.2729,0.06389,0
Ethanol,CHEMBL545,CCO,5.0,3.725,19.9,34.6,17.64,16.26,6.996,4.772,1.151,1
Glycine,CHEMBL773,NCC(=O)O,4000.0,0.9163,9.546,13.66,2.799,7.146,1.068,1.972,0.4686,0
Praziquantel,CHEMBL976,O=C(C1CCCCC1)N1CC(=O)N2CCc3c(cccc3)C2C1,75.0,1.605,13.32,22.88,13.27,16.04,8.69,4.783,1.145,0
Probenecid,CHEMBL897,CCCN(CCC)S(=O)(=O)c1ccc(C(=O)O)cc1,500.0,1.607,7.329,4.557,1.898,5.483,0.9618,1.774,0.4221,0
Sodium bicarbonate,CHEMBL1161632,O=C(O)O,2000.0,0.6171,5.509,8.168,2.235,4.143,0.6191,1.141,0.2717,0
Thalidomide ,CHEMBL468,O=C1CCC(N2C(=O)c3c(cccc3)C2=O)C(=O)N1,200.0,3.556,26.66,23.1,22.17,16.31,1.156,4.816,1.164,1
Alfentanil,CHEMBL634,CCC(=O)N(c1ccccc1)C1(COC)CCN(CCn2nnn(CC)c2=O)CC1,0.5,3.725,12.28,6.351,7.763,7.662,5.1,2.194,0.5232,0
Prostaglandin E1 (Alprostadil),CHEMBL3276444,CCCCCC(O)/C=C/C1C(O)CC(=O)C1CCCCCCC(=O)O,0.5,1.524,4.308,5.683,0.7326,2.795,0.3624,1.416,0.34,0
Amphotericin B ,CHEMBL267345,C[C@@H]1OC(=O)C[C@H](O)C[C@H](O)CC[C@@H](O)[C@H](O)C[C@H](O)C[C@]2(O)C[C@H](O)[C@@H](C(=O)O)[C@H](C[C@@H](O[C@@H]3O[C@H](C)[C@@H](O)[C@H](N)[C@@H]3O)/C=C/C=C/C=C/C=C/C=C/C=C/C=C/[C@H](C)[C@@H](O)[C@H]1C)O2,70.0,1.78,10.06,11.99,2.786,5.556,0.7558,2.161,0.5209,1
Benzonatate,CHEMBL1374379,CCCCNc1ccc(C(=O)OCCOCCOCCOCCOCCOCCOCCOCCOCCOC)cc1,200.0,0.04493,19.2,18.13,14.28,17.85,7.462,5.091,1.033,0
Benztropine,CHEMBL116590,CN1C2CCC1CC(OC(c1ccccc1)c1ccccc1)C2,2.0,0.4408,1.902,1.883,1.035,1.152,0.7183,0.3454,0.08221,0
Cephalexin,CHEMBL1727,CC1=C(C(=O)O)N2C(=O)[C@@H](NC(=O)[C@H](N)c3ccccc3)[C@H]2SC1,5300.0,20.74,71.46,37.3,15.5,37.26,3.1,10.94,2.636,1
Cefapirin ,CHEMBL1161453,CC(=O)OCC1=C(C(=O)O)N2C(=O)C(NC(=O)CSc3ccncc3)C2SC1,2000.0,15.92,48.76,36.57,14.21,29.04,2.156,8.552,2.054,0
Fentanyl,CHEMBL596,CCC(=O)N(c1ccccc1)C1CCN(CCc2ccccc2)CC1,0.8,0.8394,1.881,1.95,1.995,1.668,1.11,0.4783,0.1139,0
Isosorbide mononitrate,CHEMBL249398,O=[N+]([O-])OC1COC2C(O)COC12,20.0,42.4,124.2,152.9,71.02,85.13,18.1,23.04,5.583,0
Isoxsuprine,CHEMBL1197051,CC(COc1ccccc1)NC(C)C(O)c1ccc(O)cc1,20.0,0.7838,8.61,12.29,6.505,6.138,3.079,1.818,0.4342,0
Leflunomide ,CHEMBL960,Cc1c(C(=O)Nc2ccc(C(F)(F)F)cc2)cno1,100.0,0.02716,0.6332,0.5533,0.3337,0.4707,0.07662,0.1289,0.03087,1
Levodopa,CHEMBL351042,NC(Cc1ccc(O)c(O)c1)C(=O)O,50.0,4.333,47.96,39.53,6.268,22.14,2.389,6.11,1.452,0
Pethidine,CHEMBL607,CCOC(=O)C1(c2ccccc2)CCN(C)CC1,150.0,5.523,25.91,20.49,21.21,16.05,10.68,4.602,1.096,0
Mephenytoin,CHEMBL861,CCC1(c2ccccc2)NC(=O)N(C)C1=O,100.0,1.794,11.06,6.254,10.36,6.158,0.5266,1.963,0.474,0
Moexipril,CHEMBL300777,CCOC(=O)C(CCc1ccccc1)NC(C)C(=O)N1Cc2c(cc(OC)c(OC)c2)CC1C(=O)O,15.0,6.289,42.86,21.55,7.681,18.25,3.733,5.94,1.1,0
Latamoxef (Moxalactam),CHEMBL82055,CO[C@@]1(NC(=O)C(C(=O)O)c2ccc(O)cc2)C(=O)N2C(C(=O)O)=C(CSc3nnnn3C)COC21,50.0,3.586,9.335,7.908,2.335,5.042,0.3005,1.377,0.3307,0
Phentermine,CHEMBL1574,CC(C)(N)Cc1ccccc1,37.0,0.9082,12.19,13.33,6.867,7.562,4.061,2.244,0.5349,0
Zomepirac,CHEMBL19490,Cc1c(C(=O)c2ccc(Cl)cc2)n(C)c(CC(=O)O)c1,100.0,0.05565,0.605,0.5624,0.1192,0.4321,0.06457,0.12,0.02834,0
Yohimbine,CHEMBL1531132,COC(=O)C1C(O)CCC2CN3CCc4c([nH]c5c4cccc5)C3CC21,0.4,1.573,39.59,31.95,18.93,21.42,6.258,6.47,1.529,0
Nebivolol,CHEMBL434394,OC(CNCC(O)C1CCc2c(ccc(F)c2)O1)C1CCc2c(ccc(F)c2)O1,20.0,0.1438,1.716,3.289,1.208,1.172,0.3913,0.4639,0.1107,0
Minoxidil,CHEMBL802,Nc1[n+]([O-])c(N)nc(N2CCCCC2)c1,50.0,9.685,23.76,31.28,12.16,13.01,11.48,4.938,1.178,0
Verapamil,CHEMBL197,COc1ccc(CCN(C)CCC[C@](C#N)(c2cc(OC)c(OC)cc2)C(C)C)cc1OC,480.0,1.044,2.213,1.275,1.374,1.22,0.9472,0.3518,0.07642,1
Ergotamine,CHEMBL442,CN1CC(C(=O)N[C@]2(C)O[C@@]3(O)C4CCCN4C(=O)C(Cc4ccccc4)N3C2=O)C=C2c3c4c(c[nH]c4ccc3)CC21,100.0,0.213,6.251,3.909,4.381,2.026,0.2516,1.024,0.2182,0
Fosphenytoin,CHEMBL1201336,O=C1NC(c2ccccc2)(c2ccccc2)C(=O)N1COP(=O)(O)O,150.0,0.1755,0.5036,0.4157,0.3323,0.3165,0.02441,0.08579,0.02076,0
Propafenone,CHEMBL631,CCCNCC(O)COc1ccccc1C(=O)CCc1ccccc1,425.0,0.7158,6.305,13.58,8.61,7.217,2.109,2.238,0.5349,1
Tadalafil,CHEMBL1671905,CN1CC(=O)N2C(Cc3c([nH]c4c3cccc4)C2c2ccc3OCOc3c2)C1=O,20.0,0.3412,4.649,5.82,6.617,4.794,3.435,1.636,0.3559,0
Eletriptan,CHEMBL1510,CN1CCCC1Cc1c[nH]c2c1cc(CCS(=O)(=O)c1ccccc1)cc2,80.0,0.2081,5.197,6.932,3.351,4.641,2.864,1.249,0.2938,0
Guanfacine,CHEMBL862,NC(N)=NC(=O)Cc1c(Cl)cccc1Cl,4.0,2.357,15.58,17.54,10.77,12.6,6.271,3.461,0.8261,0
Atazanavir,CHEMBL1163,COC(=O)NC(C(=O)NC(Cc1ccccc1)C(O)CN(Cc1ccc(-c2ncccc2)cc1)NC(=O)C(NC(=O)OC)C(C)(C)C)C(C)(C)C,300.0,4.884,8.964,5.831,6.469,1.573,0.3431,1.857,0.4581,1
Tramadol,CHEMBL1573765,COc1cc([C@@]2(O)CCCCC2CN(C)C)ccc1,400.0,10.57,22.02,24.15,19.59,17.61,11.44,5.287,1.257,0
Clindamycin,CHEMBL10766,CCCC1CC(C(=O)NC(C(C)Cl)C2OC(SC)C(O)C(O)C2O)N(C)C1,900.0,2.953,6.084,4.754,5.552,4.194,0.1875,1.036,0.2528,1
Acivicin,CHEMBL1337040,NC(C(=O)O)C1CC(Cl)=NO1,320.0,0.3472,3.664,3.892,0.9819,2.326,0.3783,0.6995,0.166,0
Acrivastine,CHEMBL1224,Cc1ccc(/C(=C\CN2CCCC2)c2cccc(/C=C/C(=O)O)n2)cc1,8.0,0.1729,1.222,1.194,0.3709,0.5801,0.1583,0.2292,0.05412,0
Aliskiren,CHEMBL1639,COCCCOc1cc(CC(CC(N)C(O)CC(C(=O)NCC(C)(C)C(N)=O)C(C)C)C(C)C)ccc1OC,300.0,2.649,16.67,9.033,9.395,8.311,0.4832,2.639,0.5011,0
Ambrisentan,CHEMBL302753,COC(c1ccccc1)(c1ccccc1)C(Oc1nc(C)cc(C)n1)C(=O)O,20.0,0.2786,2.742,1.888,0.6266,1.386,0.2071,0.3849,0.09091,0
Anagrelide,CHEMBL760,O=C1CN2Cc3c(Cl)c(Cl)ccc3N=C2N1,1.0,1.779,10.21,13.72,5.525,6.982,0.5629,2.097,0.5023,0
Atorvastatin,CHEMBL1487,CC(C)c1c(C(=O)Nc2ccccc2)c(-c2ccccc2)c(-c2ccc(F)cc2)n1CCC(O)CC(O)CC(=O)O,80.0,0.02265,0.7311,0.3494,0.1613,0.5054,0.04646,0.1837,0.03999,1
Azilsartan,CHEMBL2028661,CCOc1nc2cccc(C(=O)OCc3c(C)oc(=O)o3)c2n1Cc1ccc(-c2ccccc2-c2noc(=O)[nH]2)cc1,80.0,1.067,2.914,0.9303,1.782,1.909,0.9261,0.6379,0.1282,0
Azlocillin,CHEMBL4747314,CC1(C)SC2C(NC(=O)C(NC(=O)N3CCNC3=O)c3ccccc3)C(=O)N2C1C(=O)O,100.0,14.98,75.06,25.26,14.25,35.61,3.045,11.34,2.322,0
Aztreonam,	CHEMBL158,CC1C(NC(=O)/C(=N\OC(C)(C)C(=O)O)c2csc(N)n2)C(=O)N1S(=O)(=O)O,2000.0,5.725,33.47,17.03,8.266,9.952,1.401,5.804,1.4,0
Beclomethasone,CHEMBL1586,CC1CC2C3CCC4=CC(=O)C=C[C@]4(C)[C@@]3(Cl)C(O)C[C@]2(C)[C@@]1(O)C(=O)CO,3.2,1.616,8.711,15.3,13.94,6.445,2.263,2.758,0.6695,0
Bethanechol,	CHEMBL1482,CC(C[N+](C)(C)C)OC(=N)[O-],50.0,3.996,17.67,18.43,14.09,11.7,4.828,3.438,0.8278,0
Captopril,CHEMBL27686,CC(CS)C(=O)N1CCCC1C(=O)O,100.0,20.93,98.05,105.8,28.34,72.83,9.224,23.32,5.606,1
Carbutamide,CHEMBL448570,CCCCNC(=O)NS(=O)(=O)c1ccc(N)cc1,40.0,0.4543,3.27,1.34,2.162,1.49,0.3958,0.769,0.1843,1
Cefdinir ,CHEMBL70783,C=CC1=C(C(=O)O)N2C(=O)C(NC(=O)/C(=N\O)c3csc(N)n3)C2SC1,600.0,1.169,6.791,3.482,1.413,2.398,0.2106,0.9559,0.2317,1
Cefditoren Pivoxil,CHEMBL1743,CO/N=C(\C(=O)N[C@@H]1C(=O)N2C(C(=O)O)=C(/C=C\c3c(C)ncs3)CS[C@H]12)c1csc(N)n1,400.0,18.02,85.74,45.28,26.41,34.04,3.484,13.61,3.289,1
Cefixime Anhydrous,CHEMBL1541,C=CC1=C(C(=O)O)N2C(=O)C(NC(=O)/C(=N\OCC(=O)O)c3csc(N)n3)C2SC1,400.0,1.256,7.029,3.664,1.669,2.417,0.2474,0.9666,0.2336,1
Cefoperazone,CHEMBL507674,CCN1CCN(C(=O)N[C@@H](C(=O)N[C@@H]2C(=O)N3C(C(=O)O)=C(CSc4nnnn4C)CS[C@H]23)c2ccc(O)cc2)C(=O)C1=O,2000.0,4.989,9.331,4.461,3.138,4.695,0.2585,1.49,0.3062,0
Cefotaxime ,CHEMBL1730,CO/N=C(\C(=O)N[C@@H]1C(=O)N2C(C(=O)O)=C(COC(C)=O)CS[C@H]12)c1csc(N)n1,10000.0,31.53,95.77,54.35,25.27,35.77,3.494,15.42,3.729,1
Ceftriaxone ,	CHEMBL161,CO/N=C(\C(=O)NC1C(=O)N2C(C(=O)O)=C(CSc3nc(=O)c(=O)[nH]n3C)CSC12)c1csc(N)n1,2000.0,2.317,9.518,4.496,3.599,3.374,0.3455,1.356,0.3261,1
Cisapride ,CHEMBL1729,COc1c(C(=O)NC2CCN(CCCOc3ccc(F)cc3)CC2OC)cc(Cl)c(N)c1,20.0,0.6807,1.153,1.574,0.7643,0.9138,0.3288,0.3194,0.07562,0
Clemastine,CHEMBL3637926,CN1CCCC1CCO[C@](C)(c1ccccc1)c1ccc(Cl)cc1,8.04,0.5878,2.478,2.49,2.81,2.018,1.343,0.5795,0.1378,0
Clozapine ,CHEMBL42,CN1CCN(C2=Nc3c(ccc(Cl)c3)Nc3c2cccc3)CC1,200.0,0.4429,1.446,2.918,0.8985,1.748,1.303,0.4842,0.1147,1
Cortisone,CHEMBL68363,C[C@]12CC(=O)C3C(CCC4=CC(=O)CC[C@@]43C)C1CC[C@]2(O)C(=O)CO,300.0,5.766,23.6,42.07,38.25,25.77,11.07,8.246,1.984,0
Cyamemazine,	CHEMBL2104153,C[C@@H](CN(C)C)CN1c2c(cccc2)Sc2c1cc(C#N)cc2,600.0,1.189,3.065,2.206,2.468,2.15,1.729,0.6372,0.1521,1
Cyclosporin A,CHEMBL386389,C/C=C/CC(C)C(O)C1C(=O)NC(CC)C(=O)N(C)CC(=O)N(C)C(CC(C)C)C(=O)NC(C(C)C)C(=O)N(C)C(CC(C)C)C(=O)NC(C)C(=O)NC(C)C(=O)N(C)C(CC(C)C)C(=O)N(C)C(CC(C)C)C(=O)N(C)C(C(C)C)C(=O)N1C,15.0,4.376,4.404,7.243,9.301,0.2351,0.3365,1.998,0.509,1
Dabigatran,CHEMBL48361,Cn1c(CNc2ccc(C(=N)N)cc2)nc2c1ccc(C(=O)N(CCC(=O)O)c1ncccc1)c2,220.0,0.4228,4.562,5.689,1.717,2.951,0.4013,1.31,0.3103,0
Dolasetron,CHEMBL124754,O=C(OC1CC2CC3CC(C1)N2CC3=O)c1c[nH]c2c1cccc2,100.0,0.4407,15.05,12.41,10.16,9.425,4.739,2.835,0.5698,0
Eptifibatide,CHEMBL4303580,N=C(N)NCCCCC1NC(=O)CCSSCC(C(N)=O)NC(=O)C2CCCN2C(=O)C(Cc2c[nH]c3c2cccc3)NC(=O)C(CC(=O)O)NC(=O)CNC1=O,325.0,5.997,198.1,115.7,36.47,15.41,6.817,34.98,8.388,0
Estradiol,CHEMBL135,C[C@]12CCC3c4c(cc(O)cc4)CCC3C1CCC2O,25.0,1.015,11.7,9.239,6.073,6.332,1.648,2.021,0.4875,1
Fludrocortisone Acetate,CHEMBL1201010,CC(=O)OCC(=O)[C@@]1(O)CCC2C3CCC4=CC(=O)CC[C@]4(C)[C@@]3(F)C(O)C[C@@]21C,0.3,6.903,16.24,23.65,18.79,9.661,3.63,4.149,1.004,0
Flupenthixol,CHEMBL54661,OCCN1CCN(CC/C=C2/c3c(cccc3)Sc3c2cc(C(F)(F)F)cc3)CC1,2.0,0.2762,1.503,1.017,0.5923,0.9586,0.5912,0.2546,0.05044,0
Folic acid,CHEMBL277040,Nc1nc2ncc(CNc3ccc(C(=O)NC(CCC(=O)O)C(=O)O)cc3)nc2c(=O)[nH]1,1.0,0.1688,4.333,2.309,1.677,3.78,0.3766,1.14,0.2698,0
Folinic Acid (Leucovorin),CHEMBL69905,Nc1nc2c(c(=O)[nH]1)N(C=O)C(CNc1ccc(C(=O)NC(CCC(=O)O)C(=O)O)cc1)CN2,10.0,0.3123,5.913,2.921,2.116,4.873,0.4855,1.473,0.3478,0
Galantamine,CHEMBL1624158,COc1ccc2CN(C)CC[C@@]34C=CC(O)CC3Oc1c24,24.0,27.8,92.85,79.04,34.46,31.8,14.01,14.73,3.212,0
Ganciclovir ,CHEMBL182,Nc1nc2c(ncn2COC(CO)CO)c(=O)[nH]1,1000.0,6.762,71.75,52.77,23.92,35.57,14.93,10.69,2.559,1
Gentamicin,CHEMBL329592,CNC(C)C1CCC(N)C(OC2C(N)CC(N)C(OC3OCC(C)(O)C(NC)C3O)C2O)O1,5.0,15.5,61.39,66.2,33.64,37.11,9.264,11.84,2.857,0
Gliclazide ,CHEMBL427216,Cc1ccc(S(=O)(=O)NC(=O)NN2CC3CCCC3C2)cc1,320.0,0.1444,1.136,0.6591,0.6782,0.4397,0.1083,0.21,0.05042,1
Glucosamine,CHEMBL493287,NC1C(O)OC(CO)C(O)C1O,1500.0,0.5853,4.022,5.275,2.005,2.758,0.5864,0.747,0.1808,0
Glycyrrhizin,CHEMBL441687,CC1(C)[C@@H](O[C@H]2O[C@H](C(=O)O)[C@@H](O)[C@H](O)[C@H]2O[C@@H]2O[C@H](C(=O)O)[C@@H](O)[C@H](O)[C@H]2O)CC[C@@]2(C)[C@H]1CC[C@]1(C)[C@@H]2C(=O)C=C2[C@@H]3C[C@@](C)(C(=O)O)CC[C@]3(C)CC[C@]21C,15000.0,57.13,156.6,119.3,40.65,137.6,12.04,34.36,8.295,1
Guanabenz,CHEMBL420,N=C(N)N/N=C/c1c(Cl)cccc1Cl,32.0,3.599,19.08,26.85,12.22,16.22,1.906,4.442,1.064,0
Hydromorphone,CHEMBL398707,CN1CC[C@]23c4c5ccc(O)c4OC2C(=O)CCC3C1C5,10.0,41.62,144.7,99.95,71.84,77.15,39.86,20.53,4.884,0
Iloprost,CHEMBL494,CC#CC[C@@H](C)[C@H](O)/C=C/[C@@H]1[C@H]2C/C(=C/CCCC(=O)O)C[C@H]2C[C@H]1O,0.045,2.548,10.94,13.5,3.671,9.06,0.7432,2.908,0.6974,0
Iopamidol (Iomapidol),CHEMBL4759972,CC(O)C(=O)Nc1c(I)c(C(=O)NC(CO)CO)c(I)c(C(=O)NC(CO)CO)c1I,370.0,2.721,16.79,16.92,16.21,13.82,0.6463,4.008,0.9775,0
Iopromide ,CHEMBL1725,COCC(=O)Nc1c(I)c(C(=O)N(C)CC(O)CO)c(I)c(C(=O)NCC(O)CO)c1I,370.0,171.8,258.8,219.4,328.3,203.8,10.73,64.31,15.69,0
Isosorbide dinitrate,CHEMBL250009,O=[N+]([O-])OC1COC2C(O[N+](=O)[O-])COC12,40.0,38.63,108.5,135.0,60.64,73.42,32.77,20.06,4.815,0
Kanamycin,CHEMBL266589,NCC1OC(OC2C(N)CC(N)C(OC3OC(CO)C(O)C(N)C3O)C2O)C(O)C(O)C1O,7.5,11630.0,81940.0,94340.0,37450.0,65920.0,11950.0,15220.0,3684.0,0
Medroxyprogesterone acetate,CHEMBL717,CC(=O)O[C@]1(C(C)=O)CCC2C3CC(C)C4=CC(=O)CC[C@]4(C)C3CC[C@@]21C,10.0,2.368,7.08,8.961,7.215,6.705,3.597,2.146,0.5161,0
Megestrol,CHEMBL1201139,CC(=O)[C@@]1(O)CCC2C3C=C(C)C4=CC(=O)CC[C@]4(C)C3CC[C@@]21C,800.0,1.059,4.724,6.796,6.623,2.793,1.959,1.456,0.351,0
Mesna,CHEMBL1098319,O=S(=O)(O)CCS,480.0,2.723,19.18,32.32,6.66,14.45,1.382,3.962,0.9478,0
Methenamine,CHEMBL1201270,C1N2CN3CN1CN(C2)C3,1000.0,0.566,1.616,2.753,0.967,1.249,0.7987,0.3425,0.08194,0
Methysergide,CHEMBL1065,CCC(CO)NC(=O)C1C=C2c3c4c(cn(C)c4ccc3)CC2N(C)C1,8.0,7.169,24.0,21.81,17.55,12.28,0.9018,3.902,0.9451,0
Oxytocin,CHEMBL1717878,CCC(C)C1NC(=O)C(Cc2ccc(O)cc2)NC(=O)C(N)CSSCC(C(=O)N2CCCC2C(=O)NC(CC(C)C)C(=O)NCC(N)=O)NC(=O)C(CC(N)=O)NC(=O)C(CCC(N)=O)NC1=O,2.0,65.57,449.9,199.2,238.5,27.73,10.88,66.16,16.28,0
Palonosetron,CHEMBL1189679,O=C1c2c3c(ccc2)CCCC3CN1C1CN2CCC1CC2,0.25,4.049,16.8,13.9,11.62,9.965,5.498,2.654,0.6308,0
Pemetrexed,CHEMBL59843,Nc1nc2c(c(CCc3ccc(C(=O)NC(CCC(=O)O)C(=O)O)cc3)c[nH]2)c(=O)[nH]1,500.0,0.09117,5.217,2.559,1.043,2.95,0.2939,0.8922,0.2105,0
Phenothiazine,CHEMBL828,c1cc2c(cc1)Sc1c(cccc1)N2,300.0,0.002397,0.01727,0.03169,0.01387,0.02307,0.01339,0.006356,0.001513,1
Phenylpropanolamine HCl,CHEMBL1200695,NC(O)CCc1ccccc1,75.0,0.7481,14.63,14.33,6.269,8.379,3.636,2.499,0.598,0
Phenyltoloxamine,CHEMBL186720,CN(C)CCOc1ccccc1Cc1ccccc1,650.0,1.15,2.073,5.105,1.92,2.562,1.839,0.6847,0.1618,0
Pilocarpine ,CHEMBL4073182,CCC1C(=O)OCC1Cc1cncn1C,10.0,35.35,64.92,71.24,58.9,41.52,26.62,14.57,3.506,0
Pizotifen,CHEMBL294951,CN1CCC(=C2c3c(cccc3)CCc3c2ccs3)CC1,4.5,0.5452,3.748,3.289,2.121,2.421,1.494,0.6438,0.1532,0
Posaconazole,CHEMBL1397,CCC(C(C)O)n1ncn(-c2ccc(N3CCN(c4ccc(OCC5CO[C@@](Cn6cncn6)(c6ccc(F)cc6F)C5)cc4)CC3)cc2)c1=O,300.0,0.8158,2.872,1.479,3.544,0.4156,0.8044,0.7076,0.1685,1
Pyrantel,CHEMBL1626223,CN1CCCN=C1/C=C/c1cccs1,11.0,3.539,13.57,11.68,8.335,6.799,5.429,2.977,0.7151,0
Pyritinol,CHEMBL488093,Cc1ncc(CSSCc2cnc(C)c(O)c2CO)c(CO)c1O,600.0,11.84,49.53,71.68,35.09,45.92,18.31,12.49,3.011,1
Ramelteon,CHEMBL1218,CCC(=O)NCC[C@@H]1CCc2ccc3OCCc3c21,8.0,2.659,11.36,16.0,16.49,11.26,1.339,3.506,0.8346,0
Rivaroxaban ,CHEMBL198362,O=C(NC[C@H]1CN(c2ccc(N3CCOCC3=O)cc2)C(=O)O1)c1ccc(Cl)s1,20.0,4.825,32.58,13.48,18.32,11.56,2.82,5.471,1.313,1
Sincalide,CHEMBL1121,CSCCC(NC(=O)C(Cc1ccc(OS(=O)(=O)O)cc1)NC(=O)C(N)CC(=O)O)C(=O)NCC(=O)NC(Cc1c[nH]c2c1cccc2)C(=O)NC(CCSC)C(=O)NC(CC(=O)O)C(=O)NC(Cc1ccccc1)C(N)=O,0.00012,4.87,181.1,124.2,34.51,43.76,8.605,34.07,8.054,0
Solifenacin,CHEMBL1734,O=C(OC1CN2CCC1CC2)N1CCc2c(cccc2)C1c1ccccc1,5.0,0.3148,1.794,1.044,0.7072,0.8876,0.478,0.2292,0.0547,0
Tamsulosin,CHEMBL3392817,CCOc1ccccc1OCCNC(C)Cc1ccc(OC)c(S(N)(=O)=O)c1,0.8,0.0989,0.6116,1.213,0.5474,0.6951,0.1853,0.2004,0.0361,0
Temozolomide ,CHEMBL810,Cn1nnc2c(C(N)=O)ncn2c1=O,200.0,2.245,30.86,31.62,16.91,22.49,2.899,6.726,1.618,1
Teniposide,CHEMBL1571037,COc1c(O)c(OC)cc(C2c3cc4c(cc3C(OC3OC5COC(c6cccs6)OC5C(O)C3O)C3COC(=O)C23)OCO4)c1,300.0,0.4693,3.331,1.957,2.354,1.596,0.5834,0.6312,0.1209,0
Tiopronin,CHEMBL1314,CC(S)C(=O)NCC(=O)O,800.0,3.331,11.32,12.22,3.257,8.202,0.3836,2.405,0.5802,1
Treprostinil,CHEMBL3561314,CCCCCC(O)CCC1C(O)CC2Cc3c(OCC(=O)O)cccc3CC21,0.125,0.6126,2.579,5.73,0.9137,2.107,0.4591,0.9059,0.2147,0
Troleandomycin,CHEMBL564085,COC1CC(OC2C(C)C(=O)OC(C)C(C)C(OC(C)=O)C(C)C(=O)[C@]3(CO3)CC(C)C(OC3OC(C)CC(N(C)C)C3OC(C)=O)C2C)OC(C)C1OC(C)=O,500.0,16.88,55.76,58.05,43.62,26.53,19.26,10.35,2.487,1
Valganciclovir,CHEMBL1201314,CC(C)C(N)C(=O)OCC(CO)OCn1cnc2c1nc(N)[nH]c2=O,900.0,30.54,98.15,79.73,52.48,53.1,24.03,17.13,4.121,0
Vinorelbine,CHEMBL553025,CCC1=CC2CN(C1)Cc1c([nH]c3c1cccc3)[C@@](C(=O)OC)(c1cc3c(cc1OC)N(C)C1[C@@](O)(C(=O)OC)C(OC(C)=O)[C@]4(CC)C=CCN5CC[C@]31C54)C2,30.0,0.8452,6.179,16.23,12.23,8.816,6.776,3.365,0.645,0
